Dom,CID,QID,Wording,Socio-Political Power,Use Equivalence,Language Loyalty,Attitudes and Ideologies
DKN,S5,DKN12,16. How would you rate the overall relationship between [q2o1answer] and [q2o2answer] people in the knowledge domain? QID: DKN12,,,, yes
DEM,S5,DEM10,15. How would you rate the overall relationship between [q2o1answer] and [q2o2answer] people in the domain of exchange? QID: DEM10:,,,,yes
DEM,S5,DEM34,39. How would you rate the overall relationship between [q2o1answer] and [q2o2answer] people in practices of marriage exchanges? QID: DEM34:,,,,yes
DFK,S5,DFK14,30. How would you rate the overall relationship between a [q2o1answer] person and their [q2o2answer] in-laws? QID: DFK14:,,,,yes
DLB,S5,DLB11,16. How would you rate the overall relationship between [q2o1answer] and [q2o2answer] people involved in work? QID: DLB11,,,,yes
DLC,S5,DLC14,13. How would you rate the overall relationship between [q2o1answer] and [q2o2answer] people in the local community? QID: DLC14,,,,yes
DTR,S5,DTR23,16. How would you rate the overall relationship between [q2o1answer] and [q2o2answer] people in trade? QID: DTR23,,,,yes
DEM,BA,DEM17,18. What is the overall attitude that [q2o1answer] people have towards [q2o2answer] people in the context of exchange? QID: DEM17:,,,,yes
DEM,BA,DEM35,42. What is the overall attitude that [q2o1answer] people have towards [q2o2answer] people in practices of marriage exchanges? QID: DEM35:,,,,yes
DFK,BA,DFK33,31. What is the overall attitude that a [q2o1answer] person has towards their [q2o2answer] in-laws? QID: DFK33:,,,,yes
DLB,BA,DLB22,19. What is the overall attitude that [q2o1answer] people have towards [q2o2answer] people in work? QID: DLB22,,,,yes
DLC,BA,DLC18,16. What is the overall attitude that [q2o1answer] people have towards [q2o2answer] people in the local community? QID: DLC18,,,,yes
DKN,BA,DKN13,19. What is the overall attitude that [q2o1answer] people have towards [q2o2answer] people in the knowledge domain? QID: DKN13,,,,yes
DTR,BA,DTR16,19. What is the overall attitude that [q2o1answer] people have towards [q2o2answer] people in trade? QID: DTR16,,,,yes
DFK,BA,DFK16,11. What is the overall level of affection that the [q2o1answer] person has towards their [q2o2answer] spouse? QID: DFK16:,,,,yes
DEM,BH,DEM18,19. How do [q2o1answer] people view themselves overall in relation to [q2o2answer] people in the context of exchange? QID: DEM18:,,,,yes
DEM,BH,DEM36,"43. How do [q2o1answer] people view themselves overall in relation to [q2o2answer] people, within the context of marriage QID: DEM36:",,,,yes
DLB,BH,DLB23,"20. How do [q2o1answer] people view themselves overall in relation to [q2o2answer] people, within the context of work? QID: DLB23",,,,yes
DLC,BH,DLC19,"17. How do [q2o1answer] people view themselves overall in relation to [q2o2answer] people, in the context of the local community? QID: DLC19",,,,yes
DKN,BH,DKN14,"20. How do [q2o1answer] people view themselves overall in relation to [q2o2answer] people, in the context of the knowledge domain? QID: DKN14",,,,yes
DTR,BH,DTR29,"20. How do [q2o1answer] people view themselves overall in relation to [q2o2answer] people, within the context of trade? QID: DTR29",,,,yes
OV,OI6,OI6,"10. What are the [q2o1answer] speakers' attitudes towards linguistic transfers from [q2o2answer], such as lexical or grammatical borrowing? QID: OI6:",,yes,,yes
OV,OI7,OI7,"11. What are the [q2o1answer] speakers' general attitudes towards linguistic transfer, such as lexical or grammatical borrowing, from any other language than [q2o2answer]? QID: OI7:",,yes,,yes
OV,OI9,OI9,12. What are the [q2o1answer] speakers' attitudes towards lectal differences within [q2o1answer]? QID: OI9:,,,,yes
DEM,BI,DEM05,20. What language do [q2o1answer] people expect to be used when interacting with [q2o2answer] people through practices of exchange? QID:DEM05:,,yes,yes,
DEM,BI,DEM33,44. What language do [q2o1answer] people expect to be used in marriage ceremonies with [q2o2answer] people? QID: DEM33:,,yes,yes,
DFK,BI,DFK05,19. What language are children expected to speak to their [q2o2answer] parent? QID: DFK05:,,yes,yes,
DLB,BI,DLB25,21. What language do [q2o1answer] people expect to be used when working with [q2o2answer] people? QID: DLB25,,yes,yes,
DLC,BI,DLC04,18. What language do [q2o1answer] people expect to be used with [q2o2answer] people in the local community? QID: DLC04,,yes,yes,
DKN,BI,DKN16,21. What language do [q2o1answer] people expect to be used with [q2o2answer] people in the knowledge domain? QID: DKN16,,yes,yes,
DTR,BI,DTR08,21. What language do [q2o1answer] people expect to be used when trading with [q2o2answer] people? QID: DTR08,,yes,yes,
DEM,D1,DEM02,6. Characteristic of the domain of Exchange QID: DEM02:Is Exchange between [q2o1answer] and [q2o2answer] the individual’s initiative?6. Characteristic of the domain of Exchange QID: DEM02:Is Exchange between [q2o1answer] and [q2o2answer] an institutionalised procedure?6. Characteristic of the domain of Exchange QID: DEM02:Is Exchange between [q2o1answer] and [q2o2answer] part of a ceremonial event to which both communities participate?,,,,
DEM,D1,DEM26,"32. Marrying out: When marrying each other, should [q2o1answer] people and [q2o2answer] people marry somebody: QID:DEM26:Outside their village or other kind of local community?32. Marrying out: When marrying each other, should [q2o1answer] people and [q2o2answer] people marry somebody: QID:DEM26:Outside their descent group or clan?32. Marrying out: When marrying each other, should [q2o1answer] people and [q2o2answer] people marry somebody: QID:DEM26:Outside their designated marriage group such as a moiety?32. Marrying out: When marrying each other, should [q2o1answer] people and [q2o2answer] people marry somebody: QID:DEM26:Outside their hierarchical social group such as class or caste?32. Marrying out: When marrying each other, should [q2o1answer] people and [q2o2answer] people marry somebody: QID:DEM26:Outside their linguistic group?",,,,
DEM,D1,DEM27,"33. Marrying within: When marrying each other, should [q2o1answer] people and [q2o2answer] people marry somebody from: QID: DEM27:The same village or other kind of local community?33. Marrying within: When marrying each other, should [q2o1answer] people and [q2o2answer] people marry somebody from: QID: DEM27:The same descent group or clan?33. Marrying within: When marrying each other, should [q2o1answer] people and [q2o2answer] people marry somebody from: QID: DEM27:The same designated marriage group such as a moiety?33. Marrying within: When marrying each other, should [q2o1answer] people and [q2o2answer] people marry somebody from: QID: DEM27:The same hierarchical social group such as class or caste?33. Marrying within: When marrying each other, should [q2o1answer] people and [q2o2answer] people marry somebody from: QID: DEM27:The same linguistic group?",,,,
DEM,D1,DEM28,34. Polygyny. QID: DEM28:Is polygyny possible for [q2o1answer] men?,,,,
DEM,D1,DEM29,35. Polyandry. QID: DEM29:Is polyandry possible for [q2o1answer] women?,,,,
DEM,D1,DEM37,36. What type of marriage payments and transfers are expected when [q2o1answer] and [q2o2answer] marry? QID:DEM37::Bride wealth,,,,
DFK,D1,DFK02,7. Do mothers form a co-residential unit with their children and: QID:DFK02:Their husbands?,,,,
DLB,D1,DLB02,5. How commonly are [q2o1answer] people and [q2o2answer] people involved in public modes of production? QID: DLB02,,,,
DLC,D1,DLC02,5. Choose one of the following where [q2o1answer] people are most likely to speak in an unmonitored way. QID: DLC02,,,,
DKN,D1,DKN02,5. The most influential form of knowledge in this contact scenario is: QID: DKN02,,,,
DTR,D1,DTR02,5. Traded good types. QID: DTR02. Do [q2o1answer] people trade raw materials and primary produce to [q2o2answer] people? Do [q2o1answer] people trade luxury items to [q2o2answer] people? Do [q2o1answer] people trade manufactured goods to [q2o2answer] people? Do [q2o2answer] people trade raw material and primary produce to [q2o1answer] people? Do [q2o2answer] people trade luxury items to [q2o1answer] people? Do [q2o2answer] people trade manufactured goods to [q2o1answer] people?,,,,
DLB,D10,DLB30,12. Do [q2o1answer] people experience work differently depending on social group? QID:DKN07,,,,
DLC,D10,DLC29,9. Do [q2o1answer] people experience the local community differently depending on social group? QID:DLC29,,,,
DKN,D10,DKN07,12. Do [q2o1answer] people experience the knowledge domain differently depending on social group? QID:DKN07,,,,
DTR,D10,DTR32,12. Do [q2o1answer] people experience trade differently depending on social group? QID:DTR32,,,,
DEM,D10,DEM41,12. Do [q2o1answer] people experience exchange differently depending on social group? QID: DEM41,,,,
DFK,D10,DFK40,8. Do [q2o1answer] people experience family life differently depending on social group? QID: DFK40,,,,
DEM,D11,DEM19,8. How much influence can the [q2o1answer] exert over exchange? QID: DEM19:,Yes,,,
DLB,D11,DLB29,8. How much influence can the [q2o1answer] exert over the terms of work? QID: DLB29,Yes,,,
DLC,D11,DLC27,7. How much influence can the [q2o1answer] exert over [q2o2answer] in the activities of the local community? QID: DLC27,Yes,,,
DKN,D11,DKN28,8. How much influence can the [q2o1answer] people exert over the decision of what constitutes legitimate knowledge in this domain? QID: DKN28,Yes,,,
DTR,D11,DTR17,8. How much influence can the [q2o1answer] exert over the [q2o2answer] in terms of trade? QID: DTR17,Yes,,,
DEM,D12,DEM45,"10. How often are these speech styles typically used during practices of exchange, in comparison with unmonitored speech? QID: DEM38:",,,,
DLB,D12,DLB31,"10. How often are these speech styles typically used during work, in comparison with unmonitored speech? QID: DLB06",,,,
DKN,D12,DKN31,"10. How often are these speech styles typically used in knowledge transmission, in comparison with unmonitored speech? QID: DKN06",,,,
DTR,D12,DTR35,"10. How often are these speech styles typically used in trade, in comparison with unmonitored speech? QID: DTR28",,,,
DLB,D3,DLB03,11. Involvement in work,,,,
DLC,D3,DLC25,8. Involvement in the Local Community. QID:DLC25,,,,
DKN,D3,DKN03,11. Involvement in the knowledge domain. QID:DKN03,,,,
DTR,D3,DTR03,11. Involvement in trade. QID:DTR03,,,,
DEM,D3,DEM03,"11. Social categories QID: DEM03:Does involvement in Exchange practices differ based on hierarchies associated to profession or wealth, such as a person's class or caste?11. Social categories QID: DEM03:Does involvement in Exchange practices differ based on whether a person belongs to some magico-religiously sanctioned group, such as religious denomination?11. Social categories QID: DEM03:Does involvement in Exchange practices differ based on a person's descent group, such as clan, house, lineage group, kinship group?11. Social categories QID: DEM03:Does involvement in Exchange practices differ based on a person’s group of land ownership, such as tribe, clan, territorial group?11. Social categories QID: DEM03:Does involvement in Exchange practices differ based on a person’s race, ethnicity, or some other similar grouping?11. Social categories QID: DEM03:Does involvement in Exchange practices differ based on a person’s age or life stage?11. Social categories QID: DEM03:Does involvement in Exchange practices differ based on a person’s place identity and affiliation?11. Social categories QID: DEM03:Does involvement in Exchange practices differ based on a person’s sex or gender?11. Social categories QID: DEM03:Does involvement in Exchange practices differ based on any other communities of practice?",,,,
DEM,D3,DEM31,37. Intermarriage. QID: DEM31:Is it typical for [q2o1answer] men to marry [q2o2answer] women?37. Intermarriage. QID: DEM31:Is it typical for [q2o1answer] women to marry [q2o2answer] men?,,,,
DLB,D4,DLB04,6. Is there hierarchy involved in work? QID: DLB04,yes,,,
DKN,D4,DKN04,6. The relationship between [q2o1answer] people and [q2o2answer] people in the knowledge domain can typically be characterised as: QID: DKN04,Yes,,,
DTR,D4,DTR24,"6. Typically when trading with [q2o2answer] people, the [q2o1answer] people will: QID: DTR24",,,,
DEM,D6,DEM04,7. Where does exchange between [q2o1answer] and [q2o2answer] people typically take place? QID: DEM04:,Yes,,,
DEM,D6,DEM32,38. Where do marriage ceremonies between [q2o1answer] and [q2o2answer] take place? QID:DEM32:,Yes,,,
DLB,D6,DLB05,7. Where do [q2o1answer] people and [q2o2answer] people typically work together? QID: DLB05,Yes,,,
DLC,D6,DLC28,6. Where do [q2o1answer] and [q2o2answer] people typically meet up in the local community? QID: DLC28,Yes,,,
DKN,D6,DKN05,7. Where does knowledge transmission between [q2o1answer] people and [q2o2answer] people typically take place? QID: DKN05,Yes,,,
DTR,D6,DTR06,7. Where does trade between [q2o1answer] and [q2o2answer] people typically take place? QID:DTR06,Yes,,,
DFK,D6,DFK35,5. What is the typical pattern of relocation for [q2o1answer] women when starting a new family? QID: DFK35:,,,,
DFK,D6,DFK39,6. What is the typical pattern of relocation for [q2o2answer] women when starting a new family? QID: DFK39:,,,,
DEM,D9,DEM38,9. Are there any speech styles used during practices of exchange? QID: DEM38,,,,
DFK,D9,DFK38,26. Are any of the following features characteristic when speaking to one’s [q2o2answer] in-laws? QID: DFK38:Lexical avoidance26. Are any of the following features characteristic when speaking to one’s [q2o2answer] in-laws? QID: DFK38:The use of certain morphosyntactic forms26. Are any of the following features characteristic when speaking to one’s [q2o2answer] in-laws? QID: DFK38:The use of certain pronominal forms,,,,
DLB,D9,DLB06,9. Are there any speech styles used during work? QID: DLB06,,,,
DKN,D9,DKN06,9. Are there any speech styles used in the knowledge domain? QID: DKN06,,,,
DTR,D9,DTR28,9. Are there any speech styles used in trade? QID: DTR28,,,,
DEM,E1,DEM96,"46. List any other groups that the [q2o1answer] practiced Social Exchange with in the past, in so far as you believe this had linguistic consequences for the [q2o1answer] language. Where possible, please also give an indication of when this contact through Social Exchange practices happened.",,,,
DFK,E1,DFK96,38. Who do [q2o1answer] people typically form families with besides [q2o2answer] people? QID: DFK96,,,,
DLB,E1,DLB96,"33. List any other groups that the [q2o1answer] people worked with in the past. List any other group in so far as you believe they had linguistic consequences for the [q2o1answer] language. Where possible, please also give an indication of when this interaction happened. QID: DLB96",,,,
DLC,E1,DLC96,"30. List any other groups that the [q2o1answer] formed local communities with in the past, in so far as you believe this had linguistic consequences for the [q2o1answer] language. Where possible, please also give an indication of when this happened. QID: DLC96",,,,
DKN,E1,DKN96,"33. List any other groups that the [q2o1answer] people intereacted with in the past, in the knowledge domain. List any other group in so far as you believe they had linguistic consequences for the [q2o1answer] language. Where possible, please also give an indication of when this interaction happened. QID: DKN96",,,,
DTR,E1,DTR96,"33. List any other groups that the [q2o1answer] traded with in the past, in so far as you believe this had linguistic consequences for the [q2o1answer] language. Where possible, please also give an indication of when this happened. QID: DTR96",,,,
DEM,E4,DEM97,47. What type of data informed your answers to the questions in the domain of social exchange overall? QID: DEM97::Impressions from my own fieldwork with the exact or related community,,,,
DFK,E4,DFK97,"39. What type of data informed your answers to the questions in the domain of family and kin, overall?",,,,
DLB,E4,DLB97,"34. What type of data informed your answers to the questions in the domain of labour, overall? QID: DLB97",,,,
DLC,E4,DLC97,"31. What type of data informed your answers to the questions in the domain of local community, overall? QID: DLC97",,,,
DKN,E4,DKN97,"34. What type of data informed your answers to the questions in the domain of knowledge, overall? QID: DKN97",,,,
DTR,E4,DTR97,"34. What type of data informed your answers to the questions in the domain of trade, overall? QID: DTR97",,,,
DEM,E5,DEM98,48. How certain are you in your responses for the domain of social exchange? QID: DEM98:,,,,
DFK,E5,DFK98,40. How certain are you in your responses for the domain of family and kin? QID: DFK98:,,,,
DLB,E5,DLB98,35. How certain are you in your responses for the domain of labour? QID: DLB98,,,,
DLC,E5,DLC98,32. How certain are you in your responses for the domain of local community? QID: DLC98,,,,
DKN,E5,DKN98,35. How certain are you in your responses for the domain of knowledge? QID: DKN98,,,,
DTR,E5,DTR98,35. How certain are you in your responses for the domain of local community? QID: DLC98,,,,
DEM,E6,DEM99,49. List any comments or notes that you feel are relevant to this section of the questionnaire. QID: DEM99,,,,
DFK,E6,DFK99,41. List any comments or notes that you feel are relevant to this section of the questionnaire. QID: DFK99,,,,
DLB,E6,DLB99,36. List any comments or notes that you feel are relevant to this section of the questionnaire. QID: DLB99,,,,
DLC,E6,DLC99,33. List any comments or notes that you feel are relevant to this section of the questionnaire. QID: DLC99,,,,
DKN,E6,DKN99,36. List any comments or notes that you feel are relevant to this section of the questionnaire. QID: DKN99,,,,
DTR,E6,DTR99,36. List any comments or notes that you feel are relevant to this section of the questionnaire. QID: DTR99,,,,
DEM,I1,DEM12,24. What language do [q2o2answer] people typically speak to [q2o1answer] people during practices of exchange? QID: DEM12:,,yes,,
DEM,I1,DEM13,"25. Typically in contexts of exchange practices, how well do [q2o1answer] people understand the [q2o2answer] language? QID: DEM13:",,yes,,
DFK,I1,DFK09,15. What language do [q2o2answer] people typically speak with their [q2o1answer] spouse? QID: DFK09:,,yes,,
DFK,I1,DFK28,"35. Your child has married a [q2o2answer] person. What language does your child’s spouse typically speak to you, a [q2o1answer] person? QID: DFK28:",,yes,,
DFK,I1,DFK34,37. You have married a [q2o2answer] person. What language do you typically speak to your [q2o2answer] in-laws (your spouse’s parents and siblings)? QID: DFK34:,,yes,,
DLB,I1,DLB15,25. What language do [q2o2answer] people typically speak when working with [q2o1answer] people? QID: DLB15,,yes,,
DLC,I1,DLC09,22. What language do [q2o2answer] people typically speak with [q2o1answer] people in the local community? QID: DLC09,,yes,,
DKN,I1,DKN20,25. What language do [q2o2answer] people typically speak with [q2o1answer] people in the knowledge domain? QID: DKN20,,yes,,
DTR,I1,DTR09,25. What language do [q2o2answer] people typically speak when trading with the [q2o1answer]? QID: DTR09,,yes,,
DFK,I2,DFK10,"16. Typically in the domain of family, how well do [q2o1answer] people understand the [q2o2answer] language? QID: DFK10:",,yes,,
DFK,I2,DFK29,"36. Typically, how well does a [q2o1answer] person understand the [q2o2answer] in-law’s language? QID: DFK29:",,yes,,
DFK,I2,DFKXX,"37b. Typically, how well does a [q2o1answer] person understand the [q2o2answer] in-law’s language? QID: DFKXX:",,yes,,
DLB,I2,DLB16,"26. Typically in work, how well do [q2o1answer] people understand the [q2o2answer] language? QID: DLB16",,yes,,
DLC,I2,DLC10,"23. Typically in the local community, how well do [q2o1answer] people understand the [q2o2answer] language? QID: DLC10",,yes,,
DKN,I2,DKN21,"26. Typically in the knowledge domain, how well do [q2o1answer] people understand the [q2o2answer] language? QID: DKN21",,yes,,
DTR,I2,DTR10,"26. Typically in trade, how well do [q2o1answer] people understand the [q2o2answer] language? QID: DTR10",,yes,,
DEM,O1,DEM14,21. What language do [q2o1answer] people typically speak during practices of exchange with [q2o2answer] people? QID: DEM14:,,yes,yes,
DLB,O1,DLB32,22. What language do [q2o1answer] people typically speak when working with [q2o2answer] people? QID: DLB25,,yes,yes,
DLC,O1,DLC11,19. What language do [q2o1answer] people typically speak with [q2o2answer] people in the local community? QID: DLC11,,yes,yes,
DKN,O1,DKN17,22. What language do [q2o1answer] people typically speak with [q2o2answer] people when in the knowledge domain? QID: DKN17,,yes,yes,
DTR,O1,DTR11,22. What language do [q2o1answer] people typically speak when trading with [q2o2answer] people? QID: DTR11,,yes,yes,
DFK,O1,DFK06,12. What language do [q2o1answer] people typically speak with their [q2o2answer] spouse? QID: DFK06:,,yes,,
DFK,O1,DFK30,32. Your child has married a [q2o2answer] person. What language do you typically speak when speaking with your [q2o2answer] son/daughter-in-law? QID: DFK30:,,yes,,
OV,O10,O10,[q2o1answer] peoples’ language loyalty towards [q2o1answer] can be characterised as::,,,yes,
DEM,O2,DEM15,22. Do [q2o1answer] people typically simplify their [q2o1answer] language when speaking with [q2o2answer] people during practices of Exchange? QID: DEM15:,,yes,,
DFK,O2,DFK07,13. Do [q2o1answer] people typically simplify their [q2o1answer] language when speaking with their [q2o2answer] spouse? QID: DFK07:,,yes,,
DFK,O2,DFK31,"33. Typically, does a [q2o1answer] person simplify their [q2o1answer] language when speaking to their [q2o2answer] in-laws? QID: DFK31:",,yes,,
DLB,O2,DLB13,23. Do [q2o1answer] people typically simplify their language when working with [q2o2answer] people? QID: DLB13,,yes,,
DLC,O2,DLC12,20. Do [q2o1answer] people typically simplify their language when speaking with [q2o2answer] people in the local community? QID: DLC12,,yes,,
DKN,O2,DKN18,23. Do [q2o1answer] people typically simplify their language when speaking with [q2o2answer] people in the knowledge domain? QID: DKN18,,yes,,
DTR,O2,DTR12,23. Do [q2o1answer] people typically simplify their language when speaking with [q2o2answer] people during trade? QID: DTR12,,yes,,
DEM,O3,DEM16,"23. Typically in the context of exchange practices, how fluently to [q2o1answer] people speak the [q2o2answer] language? QID: DEM16",,yes,,
DFK,O3,DFK08,"14. Typically in the domain of family, how fluently to [q2o1answer] people speak the [q2o2answer] language? QID: DFK08:",,yes,,
DFK,O3,DFK32,"34. Typically, how fluently does a [q2o1answer] person speak the [q2o2answer] language when speaking to their [q2o2answer] in-laws? QID: DFK32:",,yes,,
DLB,O3,DLB14,"24. Typically in work, how fluently do [q2o1answer] people speak the [q2o2answer] language? QID: DLB13",,yes,,
DLC,O3,DLC13,"21. Typically in the local community, how fluently do [q2o1answer] people speak the [q2o2answer] language? QID: DLC13",,yes,,
DKN,O3,DKN19,"24. Typically in the knowledge domain, how fluently do [q2o1answer] people speak the [q2o2answer] language? QID: DKN19",,yes,,
DTR,O3,DTR13,"24. Typically in trade, how fluently do [q2o1answer] people speak the [q2o2answer] language? QID: DTR13",,yes,,
OV,OB1,OB1,14. There is an emic conception of [q2o1answer] as “a language” or some other categorical or objective thing?,,,,
OV,OC1,OC1,27. How certain are you in your responses to the set of questions about each domain? QID: OC1:,,,,
OV,OC2,OC2,28. How certain are you in your responses to the set of questions about social networks (The S-Set of questions)? QID: OC2:,,,,
OV,OC3,OC3,29. How certain are you in your responses to the set of questions about attitudes and ideologies (The B-Set of questions)? QID: OC3:,,,,
OV,OC4,OC4,30. How certain are you in your responses to the set of questions about language production (The O-Set of questions)? QID: OC4:,,,,
OV,OC5,OC5,31. How certain are you in your responses to the set of questions about the languages spoken to the [q2o1answer] people (The I-Set of questions)? QID: OC5:,,,,
OV,OC6,OC6,32. How certain are you in your responses to the set of questions about children (The T-Set of questions)? QID: OC6:,,,,
OV,OD1,OD1,1. What is the total number of native-like speakers of [q2o1answer]?,,,,
OV,OD3,OD3,2. What is the total number of native-like speakers of [q2o2answer]?,,,,
OV,OD4,OD4,3. What is the approximate proportion of native-like speakers in the total population of all speakers of [q2o1answer]?,,,,
OV,OD5,OD5,4. What is the approximate proportion of native-like speakers in the total population of all speakers of [q2o2answer]?,,,,
OV,OE1,OE1,24. How long time have you spent working with this community? QID: OE1,,,,
OV,OE2,OE2,25. Whom did you mostly interact with during your stay and through community-based research? QID: OE2,,,,
OV,OE3,OE3,26. Was your interaction with members of the community typically mediated by one/a few person(s)? Who were they? QID: OE3,,,,
OV,OG1,OG1,5. What is the population density within the area where [q2o1answer] is spoken?,,,,
OV,OH1,OH1,"23. Have there been any natural disasters or major societal upheaval during the densest period of contact between the [q2o1answer] speaking and [q2o2answer] speaking people, such it impacted people's mobility, and [q2o1answer] speaking people talk about it? QID: OH1",,,,
OV,OI1,OI1,"8. Is [q2o1answer] stated as an expression of identity of any of the following? QID: OI1:Group centered around shared descent, such as clan, house, lineage group, kinship group8. Is [q2o1answer] stated as an expression of identity of any of the following? QID: OI1:Race, ethnicity, or some other similar grouping8. Is [q2o1answer] stated as an expression of identity of any of the following? QID: OI1:Micro-level (politico-)territorial group, including regional or areal groups, clans, bands, tribes8. Is [q2o1answer] stated as an expression of identity of any of the following? QID: OI1:Micro-level (politico-)territorial group, including regional or areal groups, clans, bands, tribes8. Is [q2o1answer] stated as an expression of identity of any of the following? QID: OI1:Formal or informal relationships between non-kin, such as alliances, sodality membership, ad-hoc relationships between families or individuals",,,,
OV,OI3,OI3,9. Is there a codified standard variety for [q2o1answer]? QID: OI3,,yes,,
OV,OI8,OI8,13. How significant is language as part of group identity for the speakers of [q2o1answer]? QID: OI8:,,,yes,
OV,OL1,OL1,16. What is the approximate rate of formal literacy in the [q2o1answer] speaking community? QID: OL1:,,,,
OV,OL2,OL2,"17. Restrictions in access to literacy in terms of social categories QID: OL2:Is the ability to read and write restricted, in practice, to people of certain hierarchy groups associated with profession or wealth (such as class and caste)?17. Restrictions in access to literacy in terms of social categories QID: OL2:Is the ability to read and write restricted, in practice, to people of certain magico-religiously sanctioned groups (such as religious denomination)?17. Restrictions in access to literacy in terms of social categories QID: OL2:Is the ability to read and write restricted, in practice, to people of certain descent groups, such as clan, house, lineage group, kinship group)?17. Restrictions in access to literacy in terms of social categories QID: OL2:Is the ability to read and write restricted, in practice, to people of certain races, ethnicities, or some other similar grouping?17. Restrictions in access to literacy in terms of social categories QID: OL2:Is the ability to read and write restricted, in practice, to people of certain age cohorts or life stages?17. Restrictions in access to literacy in terms of social categories QID: OL2:Is the ability to read and write restricted, in practice, to a certain sex or genders?17. Restrictions in access to literacy in terms of social categories QID: OL2:Is the ability to read and write restricted, in practice, to other communities of practice not mentioned above?",,,,
OV,OL3,OL3,15. Do the [q2o1answer] speaking people use some orthography in writing their language? QID: OL3:,,,,
OV,OS1,OS1,"18. Typically, how many levels of jurisdictional hierarchy are there in the [q2o1answer] speaking society, beyond the local community? QID: OS1:",yes,,,
OV,OS2,OS2,"19. Typically, how many levels of jurisdictional hierarchy are there in [q2o2answer] society, beyond the local community? QID: OS2:",yes,,,
OV,OS4,OS4,"20. Which of the following best characterises the dominant form of the [q2o1answer] speaking group's mobility and sedentism, in regards to subsistence? QID: OS4:",,,,
OV,OS5,OS5,"21. Which of the following best characterises the dominant form of the [q2o2answer] speaking group's mobility and sedentism, in regards to subsistence? QID: OS5:",,,,
OV,OS6,OS6,22. The [q2o1answer] speaking society's subsistence pattern can be broadly characterised as... QID: OS6:,,,,
OV,OS7,OS7,6. What is the mean size of the [q2o1answer] speaking communities at the local level?,,,,
OV,OS9,OS9,7. How frequently do [q2o1answer] people generally interact with out-group people?,,,,
OV,OT1Begin,OT1Begin,1. How long have [q2o1answer] and [q2o2answer] people been in contact overall?,,,,
OV,OT1End,OT1End,[Not asked in original],,,,
OV,OT2Begin,OT2Begin,"2. What is the overall time frame when the largest number of people had the most opportunities for interaction?
 QID: OT2",,,,
OV,OT2End,OT2End,[Not asked in original],,,,
DEM,P1,DEM00,1. Has exchange ever been a relevant domain of contact between [q2o1answer] and [q2o2answer]? QID: DEM00,,,,
DFK,P1,DFK00,"2. Do [q2o1answer] people and [q2o2answer] people marry each other, or have they done so in the past? QID: DEM00",,,,
DLB,P1,DLB00,1. Has work ever been a relevant domain of contact between [q2o1answer] and [q2o2answer]? QID: DLB00,,,,
DLC,P1,DLC00,1. Has the local community ever been a relevant domain of contact between [q2o1answer] and [q2o2answer]? QID: DLC00,,,,
DKN,P1,DKN00,1. Have [q2o1answer] and [q2o2answer] people occupied the same spaces of knowledge transfer together? QID: DKN00,,,,
DTR,P1,DTR00,1. Has trade ever been a relevant domain of contact between [q2o1answer] and [q2o2answer]? QID: DTR00,,,,
DEM,P2Begin,DEM0aB,3. How long have [q2o1answer] and [q2o2answer] people practised exchange for?,,,,
DFK,P2Begin,DFK0aB,2. How long have [q2o1answer] and [q2o2answer] peoples been forming families with each other for? QID: DFK0a,,,,
DLB,P2Begin,DLB0aB,2. How long have [q2o1answer] people and [q2o2answer] people worked together for? QID: DLB0a,,,,
DLC,P2Begin,DLC0aB,2. How long have [q2o1answer] and [q2o2answer] people been in contact in the local community? QID: DLC0aComments,,,,
DKN,P2Begin,DKN0aB,2. How long have [q2o1answer] and [q2o2answer] people been involved in the knowledge domain together for? QID: DKN0a,,,,
DTR,P2Begin,DTR0aB,2. How long have [q2o1answer] and [q2o2answer] people traded for? QID: DTR0a,,,,
DEM,P2End,DEM0aE,[Not asked in original],,,,
DFK,P2End,DFK0aE,[Not asked in original],,,,
DLB,P2End,DLB0aE,[Not asked in original],,,,
DLC,P2End,DLC0aE,[Not asked in original],,,,
DKN,P2End,DKN0aE,[Not asked in original],,,,
DTR,P2End,DTR0aE,[Not asked in original],,,,
DEM,P3Begin,DEM0bB,4. What is the time frame when the largest number of people had the most opportunities for interaction in exchange? QID: DEM0b,,,,
DFK,P3Begin,DFK0bB,3. What’s the time frame of densest contact between [q2o1answer] and [q2o2answer] as far as family formation is concerned? QID: DFK0b,,,,
DLB,P3Begin,DLB0bB,3. What is the time frame when the largest number of people had the most opportunities for interaction in the labour domain? QID: DLB0bComments,,,,
DLC,P3Begin,DLC0bB,3. What’s the time frame of densest contact between [q2o1answer] and [q2o2answer] as far as family formation is concerned? QID: DFK0b,,,,
DKN,P3Begin,DKN0bB,3. What is the time frame when the largest number of people had the most opportunities for interaction in the knowledge domain?,,,,
DTR,P3Begin,DTR0bB,3. What is the time frame when the largest number of people had the most opportunities for interaction in trade? QID: DTR0bComments,,,,
DEM,P3End,DEM0bE,[Not asked in original],,,,
DFK,P3End,DFK0bE,[Not asked in original],,,,
DLB,P3End,DLB0bE,[Not asked in original],,,,
DLC,P3End,DLC0bE,[Not asked in original],,,,
DKN,P3End,DKN0bE,[Not asked in original],,,,
DTR,P3End,DTR0bE,[Not asked in original],,,,
DEM,P4,DEM01,"5. What other languages, if any, are spoken in this domain? QID: DEM01",,yes,,
DFK,P4,DFK01,"4. What other languages, if any, are spoken between family members? QID: DFK01",,yes,,
DLB,P4,DLB01,"4. What other languages, if any, are spoken in the labour domain? QID: DLB01",,yes,,
DLC,P4,DLC01,"4. What other languages, if any, are spoken in the local community? QID: DLC01",,yes,,
DKN,P4,DKN01,"4. What other languages, if any, are spoken in the knowledge domain? QID: DKN01",,yes,,
DTR,P4,DTR01,"4. What other languages, if any, are spoken in trade? QID: DTR01",,yes,,
DEM,S1,DEM08,13. How often do [q2o1answer] people exchange with [q2o2answer] people? QID: DEM08:,,,,
DFK,S1,DFK12,"27. Thinking about the [q2o1answer] person and their [q2o2answer] in-laws, how often would they typically meet? QID: DFK12:",,,,
DLB,S1,DLB07,13. How often do [q2o1answer] people work with [q2o2answer] people? QID:DLB07,,,,
DLC,S1,DLC16,10. How often do [q2o1answer] people interact with [q2o2answer] people in the local community? QID:DLC16,,,,
DKN,S1,DKN08,13. How often do [q2o1answer] people interact with [q2o2answer] people in the knowledge domain? QID:DKN08,,,,
DFK,S1,DFK03,"9. Typically, how much of their lives do spouses spend with each other during the course of their lifetime? QID: DFK03:",,,,
DTR,S1,DTR14,13. How often do [q2o1answer] people trade with [q2o2answer] people? QID:DTR14,,,,
DEM,S3,DEM11,14. How many people are typically involved in interactions between [q2o1answer] and [q2o2answer] in the context of exchange? QID: DEM11:,,,,
DFK,S3,DFK15,28. How many people are typically involved in interactions between a [q2o1answer] person and their [q2o2answer] in-laws? QID: DFK15:,,,,
DLB,S3,DLB09,14. How many people are typically involved in interactions between [q2o1answer] people and [q2o2answer] people when working? QID: DLB09,,,,
DLC,S3,DLC15,11. How many people are typically involved in interactions between [q2o1answer] people and [q2o2answer] people in the local community? QID: DLC15,,,,
DKN,S3,DKN10,14. How many people are typically involved in interactions between [q2o1answer] people and [q2o2answer] people in the knowledge domain? QID: DKN10,,,,
DTR,S3,DTR22,14. How many people are typically involved in interactions between [q2o1answer] people and [q2o2answer] people when trading? QID: DTR22,,,,
DFK,S4,DFK37,10. How physically proximate to each other are the households of the husband and wife? QID: DFK37:,,,,
DFK,S4,DFK11,29. How physically proximate to each other are a [q2o1answer] person and their [q2o2answer] in-laws? QID: DFK11:,,,,
DLB,S4,DLB10,15. How physically proximate to each other are people when working? QID: DLB10,,,,
DKN,S4,DKN11,15. How physically proximate to each other are people in the knowledge domain? QID: DKN11,,,,
DLC,S4,DLC05,12. How physically proximate to each other are people in the local community? QID: DLC05,,,,
DTR,S4,DTR36,15. How physically proximate to each other are people involved in trade? QID: DTR28,,,,
DEM,S6,DEM40,16. What is the proportion of total [q2o1answer] people who have opportunities for contact with [q2o2answer] people in the context of exchange? QID: DEM40:,,,,
DEM,S6,DEM42,40. What is the proportion of total [q2o1answer] people who have opportunities for contact with [q2o2answer] people in the context of marriage exchanges? QID: DEM42:,,,,
DLB,S6,DLB27,"17. What is the proportion of total [q2o1answer] people who have opportunities for contact with [q2o2answer] people, in work? QID: DLB27",,,,
DLC,S6,DLC32,"14. What is the proportion of total [q2o1answer] people who have opportunities for contact with [q2o2answer] people, in the form of local communities? QID: DLC32",,,,
DKN,S6,DKN29,"17. What is the proportion of total [q2o1answer] people who have opportunities for contact with [q2o2answer] people, in the knowledge domain? QID: DKN29",,,,
DTR,S6,DTR33,17. What is the proportion of total [q2o1answer] people who have opportunities for contact with [q2o2answer] people in trade? QID: DTR33,,,,
DEM,S7,DEM44,17. What is the proportion of total [q2o2answer] people who have opportunities for contact with [q2o1answer] people in the context of exchange? QID: DEM44:,,,,
DEM,S7,DEM43,41. What is the proportion of total [q2o2answer] people who have opportunities for contact with [q2o1answer] people in the context of marriage exchanges? QID: DEM43:,,,,
DLB,S7,DLB28,"18. What is the proportion of total [q2o2answer] people who have opportunities for contact with [q2o1answer] people, in work? QID: DLB28",,,,
DLC,S7,DLC33,"15. What is the proportion of total [q2o2answer] people who have opportunities for contact with [q2o1answer] people, in the form of local communities? QID: DLC33",,,,
DKN,S7,DKN30,"18. What is the proportion of total [q2o2answer] people who have opportunities for contact with [q2o1answer] people, in the knowledge domain? QID: DKN30",,,,
DTR,S7,DTR34,18. What is the proportion of total [q2o2answer] people who have opportunities for contact with [q2o1answer] people in trade? QID: DTR34,,,,
DEM,T1,DEM06,26. How much do [q2o1answer] children participate in practices of exchange? QID: DEM06:,,,,
DLB,T1,DLB17,27. How much do [q2o1answer] children participate in work? QID:DLB17,,,,
DLC,T1,DLC31,24. How much do [q2o1answer] children participate in the activities of the local community? QID:DLC31,,,,
DKN,T1,DKN22,27. How much do [q2o1answer] children participate in the activities of the knowledge domain? QID:DKN22,,,,
DTR,T1,DTR18,27. How much do [q2o1answer] children participate in trade? QID:DTR18,,,,
DFK,T10,DFK23,23. What language do children typically speak with their [q2o2answer] parent? QID: DFK23:,,yes,yes,
DEM,T11,DEM20,"28. Typically, how much supervision do adults provide to children during practices of exchange? QID: DEM20:",,,,
DFK,T11,DFK24,"18. Typically, how much supervision do grandparents provide to children? QID: DFK24:",,,,
DLB,T11,DLB26,"29. Typically, how much supervision do adults provide to children in work? QID: DLB26",,,,
DLC,T11,DLC20,"26. Typically in the local community, how much supervision do adults provide to children’s own activities, such as playing? QID: DLC20",,,,
DKN,T11,DKN27,"29. Typically, how much structured instruction do adults provide to children in the knowledge domain? QID: DKN27",,,,
DTR,T11,DTR31,"29. Typically, how much supervision do adults provide to children in trade? QID: DTR31",,,,
DEM,T2,DEM21,29. What language do [q2o2answer] adults typically speak to [q2o1answer] children during practices of exchange? QID: DEM21:,,yes,,
DFK,T2,DFK25,24. What language do [q2o2answer] grandparent/aunts/uncles typically speak to the children? QID: DFK25:,,yes,,
DLB,T2,DLB18,30. What language do [q2o2answer] adults typically speak to a [q2o1answer] children in work? QID: DLB18,,yes,,
DLC,T2,DLC21,27. What language do [q2o2answer] adults typically speak to a [q2o1answer] children? QID: DLC21,,yes,,
DKN,T2,DKN24,30. What language do [q2o2answer] adults typically speak to a [q2o1answer] children in the knowledge domain? QID: DKN24,,yes,,
DTR,T2,DTR19,30. What language do [q2o2answer] adults typically speak to a [q2o1answer] children in trade? QID: DTR30,,yes,,
DFK,T4,DFK26,"25. Typically, what language do [q2o1answer] children speak with their [q2o2answer] grandparents/aunts/uncles? QID: DFK26:",,yes,yes,
DEM,T4,DEM22,"30. Typically, what language do [q2o1answer] children prefer to speak with [q2o2answer] adults in the context of exchange? QID: DEM22:",,yes,,
DLB,T4,DLB19,"31. Typically, what language do [q2o1answer] children from four/five year of age prefer to speak with [q2o2answer] adults in work? QID: DLB19",,yes,,
DLC,T4,DLC22,"28. Typically, what language do [q2o1answer] children from four/five year of age prefer to speak with [q2o2answer] adults? QID: DLC22",,yes,,
DKN,T4,DKN25,"31. Typically, what language do [q2o1answer] children from four/five year of age prefer to speak with [q2o2answer] adults? QID: DKN25",,yes,,
DTR,T4,DTR20,"31. Typically, what language do [q2o1answer] children from four/five year of age prefer to speak with [q2o2answer] adults? QID: DTR20",,yes,,
DEM,T5,DEM25,"31. Typically, what language do [q2o1answer] children speak to [q2o2answer] children during practices of exchange? QID: DEM25:",,yes,,
DLB,T5,DLB20,"32. Typically, what language would a [q2o1answer] child speak to [q2o2answer] children in work? QID:DLB20",,yes,,
DLC,T5,DLC23,"29. Typically, what language would a [q2o1answer] child speak to [q2o2answer] children in the local community? QID:DLC23",,yes,,
DKN,T5,DKN26,"32. Typically, what language would a [q2o1answer] child speak to [q2o2answer] children in the knowledge domain? QID:DKN26",,yes,,
DTR,T5,DTR37,"32. Typically, what language would a [q2o1answer] child speak to [q2o2answer] children in trade? QID: DTR30",,yes,,
DEM,T6,DEM39,"27. Child socialisation. QID: DEM39:1. Typically during practices of exchange, do adults other than the parents look after children up to five year of age?27. Child socialisation. QID: DEM39:2. Typically during practices of exchange, do parents look after children up to five year of age?27. Child socialisation. QID: DEM39:3. Typically during practices of exchange, do children from sibling-kin groups look after children up to five year of age?27. Child socialisation. QID: DEM39:4. Typically during practices of exchange, do children up to five year of age look after each other as part of the same peer group?",,,,
DEM,T6,DEM30,"45. Does marriage impose any child rearing obligations for: QID: DEM30:Both parents and grandparents on both sides?45. Does marriage impose any child rearing obligations for: QID: DEM30:One parent, and grandparents on both sides?45. Does marriage impose any child rearing obligations for: QID: DEM30:One parent, and grandparents on that side?45. Does marriage impose any child rearing obligations for: QID: DEM30:One parent, and grandparents from the other side?",,,,
DFK,T6,DFK04,"17. Looking after children. QID: DFK04:Typically, do fathers look after children up to five year of age?17. Looking after children. QID: DFK04:Typically, do mothers primarily look after children up to five year of age?17. Looking after children. QID: DFK04:Do adults other than the parents look after children up to five year of age?17. Looking after children. QID: DFK04:Do children from sibling-kin groups look after children up to five year of age?17. Looking after children. QID: DFK04:Do children up to five year of age look after each other as part of the same peer group?",,,,
DLB,T6,DLB21,28. Looking after children during work. QID: DLB21,,,,
DLC,T6,DLC03,25. Looking after children in the local community. QID: DLC03,,,,
DKN,T6,DKN23,28. Looking after children in the knowledge domain. QID: DKN23,,,,
DTR,T6,DTR27,28. Looking after children during trade. QID: DTR27,,,,
DFK,T7,DFK20,20. What language do [q2o1answer] parents typically speak with their children? QID: DFK20:,,yes,yes,
DFK,T8,DFK21,21. What language do [q2o2answer] parents typically speak with their children? QID: DFK21:,,yes,,
DFK,T9,DFK22,22. What language do children typically speak with their [q2o1answer] parent? QID: DFK22:,,yes,yes,