ID,Parameter_ID,Name,Description,Ordinal
F-yes,F,Yes,,
F-no,F,No,,
S-set01,S,set01,,
S-set02,S,set02,,
S-set03,S,set03,,
S-set04,S,set04,,
S-set05,S,set05,,
S-set06a,S,set06a,,
S-set07,S,set07,,
S-set08,S,set08,,
S-set09,S,set09,,
S-set10,S,set10,,
S-set11,S,set11,,
S-set12,S,set12,,
S-set13,S,set13,,
S-set14,S,set14,,
S-set15,S,set15,,
S-set16,S,set16,,
S-set17,S,set17,,
S-set18,S,set18,,
S-set19,S,set19,,
S-set20,S,set20,,
S-set21,S,set21,,
S-set22,S,set22,,
S-set23,S,set23,,
S-set24,S,set24,,
S-set25,S,set25,,
S-set26,S,set26,,
S-set27,S,set27,,
S-set28,S,set28,,
S-set29,S,set29,,
S-set30,S,set30,,
S-set31,S,set31,,
S-set32,S,set32,,
S-set33,S,set33,,
S-set34,S,set34,,
DEM00-yes,DEM00,Yes,,
DEM00-no,DEM00,No,,
DEM00-B,DEM00,B,"“blank”. The question is relevant to the domain in question, but the respondent chose not to answer the question.",
DEM02_DEME02-1-yes,DEM02_DEME02-1,Yes,,
DEM02_DEME02-1-no,DEM02_DEME02-1,No,,
DEM02_DEME02-1-B,DEM02_DEME02-1,B,"“blank”. The question is relevant to the domain in question, but the respondent chose not to answer the question.",
DEM02_DEME02-2-yes,DEM02_DEME02-2,Yes,,
DEM02_DEME02-2-no,DEM02_DEME02-2,No,,
DEM02_DEME02-2-B,DEM02_DEME02-2,B,"“blank”. The question is relevant to the domain in question, but the respondent chose not to answer the question.",
DEM02_DEME02-3-yes,DEM02_DEME02-3,Yes,,
DEM02_DEME02-3-no,DEM02_DEME02-3,No,,
DEM02_DEME02-3-B,DEM02_DEME02-3,B,"“blank”. The question is relevant to the domain in question, but the respondent chose not to answer the question.",
DEM03_DEME03-1-yes,DEM03_DEME03-1,Yes,,
DEM03_DEME03-1-no,DEM03_DEME03-1,No,,
DEM03_DEME03-1-B,DEM03_DEME03-1,B,"“blank”. The question is relevant to the domain in question, but the respondent chose not to answer the question.",
DEM03_DEME03-2-yes,DEM03_DEME03-2,Yes,,
DEM03_DEME03-2-no,DEM03_DEME03-2,No,,
DEM03_DEME03-2-B,DEM03_DEME03-2,B,"“blank”. The question is relevant to the domain in question, but the respondent chose not to answer the question.",
DEM03_DEME03-3-yes,DEM03_DEME03-3,Yes,,
DEM03_DEME03-3-no,DEM03_DEME03-3,No,,
DEM03_DEME03-3-B,DEM03_DEME03-3,B,"“blank”. The question is relevant to the domain in question, but the respondent chose not to answer the question.",
DEM03_DEME03-4-yes,DEM03_DEME03-4,Yes,,
DEM03_DEME03-4-no,DEM03_DEME03-4,No,,
DEM03_DEME03-4-B,DEM03_DEME03-4,B,"“blank”. The question is relevant to the domain in question, but the respondent chose not to answer the question.",
DEM03_DEME03-5-yes,DEM03_DEME03-5,Yes,,
DEM03_DEME03-5-no,DEM03_DEME03-5,No,,
DEM03_DEME03-5-B,DEM03_DEME03-5,B,"“blank”. The question is relevant to the domain in question, but the respondent chose not to answer the question.",
DEM03_DEME03-6-yes,DEM03_DEME03-6,Yes,,
DEM03_DEME03-6-no,DEM03_DEME03-6,No,,
DEM03_DEME03-6-B,DEM03_DEME03-6,B,"“blank”. The question is relevant to the domain in question, but the respondent chose not to answer the question.",
DEM03_DEME03-7-yes,DEM03_DEME03-7,Yes,,
DEM03_DEME03-7-no,DEM03_DEME03-7,No,,
DEM03_DEME03-7-B,DEM03_DEME03-7,B,"“blank”. The question is relevant to the domain in question, but the respondent chose not to answer the question.",
DEM03_DEME03-8-yes,DEM03_DEME03-8,Yes,,
DEM03_DEME03-8-no,DEM03_DEME03-8,No,,
DEM03_DEME03-8-B,DEM03_DEME03-8,B,"“blank”. The question is relevant to the domain in question, but the respondent chose not to answer the question.",
DEM03_DEME03-9-yes,DEM03_DEME03-9,Yes,,
DEM03_DEME03-9-no,DEM03_DEME03-9,No,,
DEM03_DEME03-9-B,DEM03_DEME03-9,B,"“blank”. The question is relevant to the domain in question, but the respondent chose not to answer the question.",
DEM04-1,DEM04,At places which belong to the Focus Group,,
DEM04-2,DEM04,At places which belong to the Neighbour Group,,
DEM04-3,DEM04,At places which belong to some other group,,
DEM04-4,DEM04,This is highly contextual,,
DEM04-B,DEM04,B,"“blank”. The question is relevant to the domain in question, but the respondent chose not to answer the question.",
DEM05-1,DEM05,The Focus Group language,,
DEM05-2,DEM05,The Neighbour Group language,,
DEM05-3,DEM05,Some other language,,
DEM05-4,DEM05,This is highly contextual,,
DEM05-B,DEM05,B,"“blank”. The question is relevant to the domain in question, but the respondent chose not to answer the question.",
DEM06-1,DEM06,They practically always participate,,1
DEM06-2,DEM06,They participate a lot,,2
DEM06-3,DEM06,They participate somewhat,,3
DEM06-4,DEM06,They participate a little,,4
DEM06-5,DEM06,They practically never participate,,5
DEM06-B,DEM06,B,"“blank”. The question is relevant to the domain in question, but the respondent chose not to answer the question.",
DEM08-1,DEM08,Very often,,1
DEM08-2,DEM08,Often,,2
DEM08-3,DEM08,Sometimes,,3
DEM08-4,DEM08,Rarely,,4
DEM08-5,DEM08,Very rarely,,5
DEM08-B,DEM08,B,"“blank”. The question is relevant to the domain in question, but the respondent chose not to answer the question.",
DEM10-1,DEM10,Friendly,,1
DEM10-2,DEM10,Somewhat friendly,,2
DEM10-3,DEM10,Neutral,,3
DEM10-4,DEM10,Somewhat hostile,,4
DEM10-5,DEM10,Hostile,,5
DEM10-B,DEM10,B,"“blank”. The question is relevant to the domain in question, but the respondent chose not to answer the question.",
DEM11-1,DEM11,Interactions are practically always under 5 people,,1
DEM11-2,DEM11,Interactions are often under 5 people,,2
DEM11-3,DEM11,Interactions are sometimes under 5 people,,3
DEM11-4,DEM11,Interactions are rarely under 5 people,,4
DEM11-5,DEM11,Interactions are practically never under 5 people,,5
DEM11-B,DEM11,B,"“blank”. The question is relevant to the domain in question, but the respondent chose not to answer the question.",
DEM12-1,DEM12,The Focus Group language,,
DEM12-2,DEM12,The Neighbour Group language,,
DEM12-3,DEM12,Some other language,,
DEM12-4,DEM12,This is highly contextual,,
DEM12-B,DEM12,B,"“blank”. The question is relevant to the domain in question, but the respondent chose not to answer the question.",
DEM13-1,DEM13,Very well,,
DEM13-2,DEM13,Well,,
DEM13-3,DEM13,Somewhat,,
DEM13-4,DEM13,Poorly,,
DEM13-5,DEM13,Very poorly,,
DEM13-B,DEM13,B,"“blank”. The question is relevant to the domain in question, but the respondent chose not to answer the question.",
DEM14-1,DEM14,The Focus Group language,,
DEM14-2,DEM14,The Neighbour Group language,,
DEM14-3,DEM14,Some other language,,
DEM14-4,DEM14,This is highly contextual,,
DEM14-B,DEM14,B,"“blank”. The question is relevant to the domain in question, but the respondent chose not to answer the question.",
DEM15-1,DEM15,Yes,,
DEM15-2,DEM15,No,,
DEM15-3,DEM15,This is highly contextual,,
DEM15-B,DEM15,B,"“blank”. The question is relevant to the domain in question, but the respondent chose not to answer the question.",
DEM16-1,DEM16,Very fluently,,1
DEM16-2,DEM16,Fluently,,2
DEM16-3,DEM16,Somewhat fluently,,3
DEM16-4,DEM16,A little fluently,,4
DEM16-5,DEM16,Not fluently at all,,5
DEM16-B,DEM16,B,"“blank”. The question is relevant to the domain in question, but the respondent chose not to answer the question.",
DEM17-1,DEM17,Very positive,,1
DEM17-2,DEM17,Positive,,2
DEM17-3,DEM17,Neutral,,3
DEM17-4,DEM17,Negative,,4
DEM17-5,DEM17,Very negative,,5
DEM17-B,DEM17,B,"“blank”. The question is relevant to the domain in question, but the respondent chose not to answer the question.",
DEM18-1,DEM18,Focus Group see themselves as very superior to Neighbour Group,,1
DEM18-2,DEM18,Focus Group see themselves as superior to Neighbour Group,,2
DEM18-3,DEM18,Focus Group see themselves as neither superior nor inferior to Neighbour Group,,3
DEM18-4,DEM18,Focus Group see themselves as inferior to Neighbour Group,,4
DEM18-5,DEM18,Focus Group see themselves as very inferior to Neighbour Group,,5
DEM18-B,DEM18,B,"“blank”. The question is relevant to the domain in question, but the respondent chose not to answer the question.",
DEM19-1,DEM19,Influence is practically always exerted,,1
DEM19-2,DEM19,Influence is very much exerted,,2
DEM19-3,DEM19,Influence is somewhat exerted,,3
DEM19-4,DEM19,Influence is exerted very little,,4
DEM19-5,DEM19,Influence is practically never exerted,,5
DEM19-B,DEM19,B,"“blank”. The question is relevant to the domain in question, but the respondent chose not to answer the question.",
DEM20-1,DEM20,Constant supervision,,1
DEM20-2,DEM20,A lot of supervision,,2
DEM20-3,DEM20,Some supervision,,3
DEM20-4,DEM20,Little supervision,,4
DEM20-5,DEM20,Almost no structured supervision at all,,5
DEM20-B,DEM20,B,"“blank”. The question is relevant to the domain in question, but the respondent chose not to answer the question.",
DEM21-1,DEM21,The Focus Group language,,
DEM21-2,DEM21,The Neighbour Group language,,
DEM21-3,DEM21,Some other language,,
DEM21-4,DEM21,This is highly contextual,,
DEM21-B,DEM21,B,"“blank”. The question is relevant to the domain in question, but the respondent chose not to answer the question.",
DEM22-1,DEM22,The Focus Group language,,
DEM22-2,DEM22,The Neighbour Group language,,
DEM22-3,DEM22,Some other language,,
DEM22-4,DEM22,This is highly contextual,,
DEM22-B,DEM22,B,"“blank”. The question is relevant to the domain in question, but the respondent chose not to answer the question.",
DEM25-1,DEM25,There are no Neighbour Group children in the domain of exchange,,
DEM25-2,DEM25,The Focus Group language,,
DEM25-3,DEM25,The Neighbour Group language,,
DEM25-4,DEM25,Some other language,,
DEM25-5,DEM25,This is highly contextual,,
DEM25-B,DEM25,B,"“blank”. The question is relevant to the domain in question, but the respondent chose not to answer the question.",
DEM26_DEME26-1-yes,DEM26_DEME26-1,Yes,,
DEM26_DEME26-1-no,DEM26_DEME26-1,No,,
DEM26_DEME26-1-B,DEM26_DEME26-1,B,"“blank”. The question is relevant to the domain in question, but the respondent chose not to answer the question.",
DEM26_DEME26-2-yes,DEM26_DEME26-2,Yes,,
DEM26_DEME26-2-no,DEM26_DEME26-2,No,,
DEM26_DEME26-2-B,DEM26_DEME26-2,B,"“blank”. The question is relevant to the domain in question, but the respondent chose not to answer the question.",
DEM26_DEME26-3-yes,DEM26_DEME26-3,Yes,,
DEM26_DEME26-3-no,DEM26_DEME26-3,No,,
DEM26_DEME26-3-B,DEM26_DEME26-3,B,"“blank”. The question is relevant to the domain in question, but the respondent chose not to answer the question.",
DEM26_DEME26-4-yes,DEM26_DEME26-4,Yes,,
DEM26_DEME26-4-no,DEM26_DEME26-4,No,,
DEM26_DEME26-4-B,DEM26_DEME26-4,B,"“blank”. The question is relevant to the domain in question, but the respondent chose not to answer the question.",
DEM26_DEME26-5-yes,DEM26_DEME26-5,Yes,,
DEM26_DEME26-5-no,DEM26_DEME26-5,No,,
DEM26_DEME26-5-B,DEM26_DEME26-5,B,"“blank”. The question is relevant to the domain in question, but the respondent chose not to answer the question.",
DEM27_DEME27-1-yes,DEM27_DEME27-1,Yes,,
DEM27_DEME27-1-no,DEM27_DEME27-1,No,,
DEM27_DEME27-1-B,DEM27_DEME27-1,B,"“blank”. The question is relevant to the domain in question, but the respondent chose not to answer the question.",
DEM27_DEME27-2-yes,DEM27_DEME27-2,Yes,,
DEM27_DEME27-2-no,DEM27_DEME27-2,No,,
DEM27_DEME27-2-B,DEM27_DEME27-2,B,"“blank”. The question is relevant to the domain in question, but the respondent chose not to answer the question.",
DEM27_DEME27-3-yes,DEM27_DEME27-3,Yes,,
DEM27_DEME27-3-no,DEM27_DEME27-3,No,,
DEM27_DEME27-3-B,DEM27_DEME27-3,B,"“blank”. The question is relevant to the domain in question, but the respondent chose not to answer the question.",
DEM27_DEME27-4-yes,DEM27_DEME27-4,Yes,,
DEM27_DEME27-4-no,DEM27_DEME27-4,No,,
DEM27_DEME27-4-B,DEM27_DEME27-4,B,"“blank”. The question is relevant to the domain in question, but the respondent chose not to answer the question.",
DEM27_DEME27-5-yes,DEM27_DEME27-5,Yes,,
DEM27_DEME27-5-no,DEM27_DEME27-5,No,,
DEM27_DEME27-5-B,DEM27_DEME27-5,B,"“blank”. The question is relevant to the domain in question, but the respondent chose not to answer the question.",
DEM28_DEME28-1-yes,DEM28_DEME28-1,Yes,,
DEM28_DEME28-1-no,DEM28_DEME28-1,No,,
DEM28_DEME28-1-B,DEM28_DEME28-1,B,"“blank”. The question is relevant to the domain in question, but the respondent chose not to answer the question.",
DEM28_DEME28-2-yes,DEM28_DEME28-2,Yes,,
DEM28_DEME28-2-no,DEM28_DEME28-2,No,,
DEM28_DEME28-2-B,DEM28_DEME28-2,B,"“blank”. The question is relevant to the domain in question, but the respondent chose not to answer the question.",
DEM28_DEME28-3-yes,DEM28_DEME28-3,Yes,,
DEM28_DEME28-3-no,DEM28_DEME28-3,No,,
DEM28_DEME28-3-B,DEM28_DEME28-3,B,"“blank”. The question is relevant to the domain in question, but the respondent chose not to answer the question.",
DEM29_DEME29-1-yes,DEM29_DEME29-1,Yes,,
DEM29_DEME29-1-no,DEM29_DEME29-1,No,,
DEM29_DEME29-1-B,DEM29_DEME29-1,B,"“blank”. The question is relevant to the domain in question, but the respondent chose not to answer the question.",
DEM29_DEME29-2-yes,DEM29_DEME29-2,Yes,,
DEM29_DEME29-2-no,DEM29_DEME29-2,No,,
DEM29_DEME29-2-B,DEM29_DEME29-2,B,"“blank”. The question is relevant to the domain in question, but the respondent chose not to answer the question.",
DEM29_DEME29-3-yes,DEM29_DEME29-3,Yes,,
DEM29_DEME29-3-no,DEM29_DEME29-3,No,,
DEM29_DEME29-3-B,DEM29_DEME29-3,B,"“blank”. The question is relevant to the domain in question, but the respondent chose not to answer the question.",
DEM29_DEME29-4-yes,DEM29_DEME29-4,Yes,,
DEM29_DEME29-4-no,DEM29_DEME29-4,No,,
DEM29_DEME29-4-B,DEM29_DEME29-4,B,"“blank”. The question is relevant to the domain in question, but the respondent chose not to answer the question.",
DEM30_DEME30-1-yes,DEM30_DEME30-1,Yes,,
DEM30_DEME30-1-no,DEM30_DEME30-1,No,,
DEM30_DEME30-1-B,DEM30_DEME30-1,B,"“blank”. The question is relevant to the domain in question, but the respondent chose not to answer the question.",
DEM30_DEME30-2-yes,DEM30_DEME30-2,Yes,,
DEM30_DEME30-2-no,DEM30_DEME30-2,No,,
DEM30_DEME30-2-B,DEM30_DEME30-2,B,"“blank”. The question is relevant to the domain in question, but the respondent chose not to answer the question.",
DEM30_DEME30-3-yes,DEM30_DEME30-3,Yes,,
DEM30_DEME30-3-no,DEM30_DEME30-3,No,,
DEM30_DEME30-3-B,DEM30_DEME30-3,B,"“blank”. The question is relevant to the domain in question, but the respondent chose not to answer the question.",
DEM30_DEME30-4-yes,DEM30_DEME30-4,Yes,,
DEM30_DEME30-4-no,DEM30_DEME30-4,No,,
DEM30_DEME30-4-B,DEM30_DEME30-4,B,"“blank”. The question is relevant to the domain in question, but the respondent chose not to answer the question.",
DEM31_DEME31-1-yes,DEM31_DEME31-1,Yes,,
DEM31_DEME31-1-no,DEM31_DEME31-1,No,,
DEM31_DEME31-1-B,DEM31_DEME31-1,B,"“blank”. The question is relevant to the domain in question, but the respondent chose not to answer the question.",
DEM31_DEME31-2-yes,DEM31_DEME31-2,Yes,,
DEM31_DEME31-2-no,DEM31_DEME31-2,No,,
DEM31_DEME31-2-B,DEM31_DEME31-2,B,"“blank”. The question is relevant to the domain in question, but the respondent chose not to answer the question.",
DEM32-1,DEM32,At places which belong to the Focus Group,,
DEM32-2,DEM32,At places which belong to the Neighbour Group,,
DEM32-3,DEM32,At places which belong to some other group,,
DEM32-4,DEM32,This is highly contextual,,
DEM32-B,DEM32,B,"“blank”. The question is relevant to the domain in question, but the respondent chose not to answer the question.",
DEM33-1,DEM33,The Focus Group language,,
DEM33-2,DEM33,The Neighbour Group language,,
DEM33-3,DEM33,Some other language,,
DEM33-4,DEM33,This is highly contextual,,
DEM33-B,DEM33,B,"“blank”. The question is relevant to the domain in question, but the respondent chose not to answer the question.",
DEM34-1,DEM34,Friendly,,1
DEM34-2,DEM34,Somewhat friendly,,2
DEM34-3,DEM34,Neutral,,3
DEM34-4,DEM34,Somewhat hostile,,4
DEM34-5,DEM34,Hostile,,5
DEM34-B,DEM34,B,"“blank”. The question is relevant to the domain in question, but the respondent chose not to answer the question.",
DEM35-1,DEM35,Very positive,,1
DEM35-2,DEM35,Positive,,2
DEM35-3,DEM35,Neutral,,3
DEM35-4,DEM35,Negative,,4
DEM35-5,DEM35,Very negative,,5
DEM35-B,DEM35,B,"“blank”. The question is relevant to the domain in question, but the respondent chose not to answer the question.",
DEM36-1,DEM36,Focus Group see themselves as very superior to Neighbour Group,,1
DEM36-2,DEM36,Focus Group see themselves as superior to Neighbour Group,,2
DEM36-3,DEM36,Focus Group see themselves as neither superior nor inferior to Neighbour Group,,3
DEM36-4,DEM36,Focus Group see themselves as inferior to Neighbour Group,,4
DEM36-5,DEM36,Focus Group see themselves as very inferior to Neighbour Group,,5
DEM36-B,DEM36,B,"“blank”. The question is relevant to the domain in question, but the respondent chose not to answer the question.",
DEM37_DEME37-1-yes,DEM37_DEME37-1,Yes,,
DEM37_DEME37-1-no,DEM37_DEME37-1,No,,
DEM37_DEME37-1-B,DEM37_DEME37-1,B,"“blank”. The question is relevant to the domain in question, but the respondent chose not to answer the question.",
DEM37_DEME37-2-yes,DEM37_DEME37-2,Yes,,
DEM37_DEME37-2-no,DEM37_DEME37-2,No,,
DEM37_DEME37-2-B,DEM37_DEME37-2,B,"“blank”. The question is relevant to the domain in question, but the respondent chose not to answer the question.",
DEM37_DEME37-3-yes,DEM37_DEME37-3,Yes,,
DEM37_DEME37-3-no,DEM37_DEME37-3,No,,
DEM37_DEME37-3-B,DEM37_DEME37-3,B,"“blank”. The question is relevant to the domain in question, but the respondent chose not to answer the question.",
DEM38-yes,DEM38,Yes,,
DEM38-no,DEM38,No,,
DEM38-B,DEM38,B,"“blank”. The question is relevant to the domain in question, but the respondent chose not to answer the question.",
DEM39_DEME39-1-yes,DEM39_DEME39-1,Yes,,
DEM39_DEME39-1-no,DEM39_DEME39-1,No,,
DEM39_DEME39-1-B,DEM39_DEME39-1,B,"“blank”. The question is relevant to the domain in question, but the respondent chose not to answer the question.",
DEM39_DEME39-2-yes,DEM39_DEME39-2,Yes,,
DEM39_DEME39-2-no,DEM39_DEME39-2,No,,
DEM39_DEME39-2-B,DEM39_DEME39-2,B,"“blank”. The question is relevant to the domain in question, but the respondent chose not to answer the question.",
DEM39_DEME39-3-yes,DEM39_DEME39-3,Yes,,
DEM39_DEME39-3-no,DEM39_DEME39-3,No,,
DEM39_DEME39-3-B,DEM39_DEME39-3,B,"“blank”. The question is relevant to the domain in question, but the respondent chose not to answer the question.",
DEM39_DEME39-4-yes,DEM39_DEME39-4,Yes,,
DEM39_DEME39-4-no,DEM39_DEME39-4,No,,
DEM39_DEME39-4-B,DEM39_DEME39-4,B,"“blank”. The question is relevant to the domain in question, but the respondent chose not to answer the question.",
DEM40-1,DEM40,Almost everyone,,1
DEM40-2,DEM40,Many people,,2
DEM40-3,DEM40,Some people,,3
DEM40-4,DEM40,Few people,,4
DEM40-5,DEM40,Practically no one,,5
DEM40-B,DEM40,B,"“blank”. The question is relevant to the domain in question, but the respondent chose not to answer the question.",
DEM41-yes,DEM41,Yes,,
DEM41-no,DEM41,No,,
DEM41-B,DEM41,B,"“blank”. The question is relevant to the domain in question, but the respondent chose not to answer the question.",
DEM42-1,DEM42,Almost everyone,,1
DEM42-2,DEM42,Many people,,2
DEM42-3,DEM42,Some people,,3
DEM42-4,DEM42,Few people,,4
DEM42-5,DEM42,Practically no one,,5
DEM42-B,DEM42,B,"“blank”. The question is relevant to the domain in question, but the respondent chose not to answer the question.",
DEM43-1,DEM43,Almost everyone,,1
DEM43-2,DEM43,Many people,,2
DEM43-3,DEM43,Some people,,3
DEM43-4,DEM43,Few people,,4
DEM43-5,DEM43,Practically no one,,5
DEM43-B,DEM43,B,"“blank”. The question is relevant to the domain in question, but the respondent chose not to answer the question.",
DEM44-1,DEM44,Almost everyone,,1
DEM44-2,DEM44,Many people,,2
DEM44-3,DEM44,Some people,,3
DEM44-4,DEM44,Few people,,4
DEM44-5,DEM44,Practically no one,,5
DEM44-B,DEM44,B,"“blank”. The question is relevant to the domain in question, but the respondent chose not to answer the question.",
DEM45-1,DEM45,Always,,1
DEM45-2,DEM45,Sometimes,,2
DEM45-3,DEM45,As much as unmonitored speech,,3
DEM45-4,DEM45,Rarely,,4
DEM45-5,DEM45,Never,,5
DEM45-B,DEM45,B,"“blank”. The question is relevant to the domain in question, but the respondent chose not to answer the question.",
DEM97-1,DEM97,Impressions from my own fieldwork with the exact or related community,,
DEM97-2,DEM97,Reports from language consultants,,
DEM97-3,DEM97,Published or ongoing research project of my own on topics covered in this questionnaire,,
DEM97-4,DEM97,Published material by linguists,,
DEM97-5,DEM97,Published materials by other researchers in other fields,,
DEM97-6,DEM97,Other,,
DEM97-B,DEM97,B,"“blank”. The question is relevant to the domain in question, but the respondent chose not to answer the question.",
DEM98-1,DEM98,Very certain,,1
DEM98-2,DEM98,Certain,,2
DEM98-3,DEM98,Somewhat certain,,3
DEM98-4,DEM98,Uncertain,,4
DEM98-5,DEM98,Very uncertain,,5
DEM98-B,DEM98,B,"“blank”. The question is relevant to the domain in question, but the respondent chose not to answer the question.",
DFK00-yes,DFK00,Yes,,
DFK00-no,DFK00,No,,
DFK00-B,DFK00,B,"“blank”. The question is relevant to the domain in question, but the respondent chose not to answer the question.",
DFK02_DFK02-1-yes,DFK02_DFK02-1,Yes,,
DFK02_DFK02-1-no,DFK02_DFK02-1,No,,
DFK02_DFK02-1-B,DFK02_DFK02-1,B,"“blank”. The question is relevant to the domain in question, but the respondent chose not to answer the question.",
DFK02_DFK02-2-yes,DFK02_DFK02-2,Yes,,
DFK02_DFK02-2-no,DFK02_DFK02-2,No,,
DFK02_DFK02-2-B,DFK02_DFK02-2,B,"“blank”. The question is relevant to the domain in question, but the respondent chose not to answer the question.",
DFK02_DFK02-3-yes,DFK02_DFK02-3,Yes,,
DFK02_DFK02-3-no,DFK02_DFK02-3,No,,
DFK02_DFK02-3-B,DFK02_DFK02-3,B,"“blank”. The question is relevant to the domain in question, but the respondent chose not to answer the question.",
DFK03-1,DFK03,Practically all their lives,,1
DFK03-2,DFK03,Much of their lives,,2
DFK03-3,DFK03,Some of their lives,,3
DFK03-4,DFK03,A little of their lives,,4
DFK03-5,DFK03,Practically none of their lives,,5
DFK03-B,DFK03,B,"“blank”. The question is relevant to the domain in question, but the respondent chose not to answer the question.",
DFK04_DFK04-1-yes,DFK04_DFK04-1,Yes,,
DFK04_DFK04-1-no,DFK04_DFK04-1,No,,
DFK04_DFK04-1-B,DFK04_DFK04-1,B,"“blank”. The question is relevant to the domain in question, but the respondent chose not to answer the question.",
DFK04_DFK04-2-yes,DFK04_DFK04-2,Yes,,
DFK04_DFK04-2-no,DFK04_DFK04-2,No,,
DFK04_DFK04-2-B,DFK04_DFK04-2,B,"“blank”. The question is relevant to the domain in question, but the respondent chose not to answer the question.",
DFK04_DFK04-3-yes,DFK04_DFK04-3,Yes,,
DFK04_DFK04-3-no,DFK04_DFK04-3,No,,
DFK04_DFK04-3-B,DFK04_DFK04-3,B,"“blank”. The question is relevant to the domain in question, but the respondent chose not to answer the question.",
DFK04_DFK04-4-yes,DFK04_DFK04-4,Yes,,
DFK04_DFK04-4-no,DFK04_DFK04-4,No,,
DFK04_DFK04-4-B,DFK04_DFK04-4,B,"“blank”. The question is relevant to the domain in question, but the respondent chose not to answer the question.",
DFK04_DFK04-5-yes,DFK04_DFK04-5,Yes,,
DFK04_DFK04-5-no,DFK04_DFK04-5,No,,
DFK04_DFK04-5-B,DFK04_DFK04-5,B,"“blank”. The question is relevant to the domain in question, but the respondent chose not to answer the question.",
DFK05-1,DFK05,The Focus Group language,,
DFK05-2,DFK05,The Neighbour Group language,,
DFK05-3,DFK05,Some other language,,
DFK05-4,DFK05,This is highly contextual,,
DFK05-B,DFK05,B,"“blank”. The question is relevant to the domain in question, but the respondent chose not to answer the question.",
DFK06-1,DFK06,The Focus Group language,,
DFK06-2,DFK06,The Neighbour Group language,,
DFK06-3,DFK06,Some other language,,
DFK06-4,DFK06,This is highly contextual,,
DFK06-B,DFK06,B,"“blank”. The question is relevant to the domain in question, but the respondent chose not to answer the question.",
DFK07-1,DFK07,Yes,,
DFK07-2,DFK07,No,,
DFK07-3,DFK07,This is highly contextual,,
DFK07-B,DFK07,B,"“blank”. The question is relevant to the domain in question, but the respondent chose not to answer the question.",
DFK08-1,DFK08,Very fluently,,1
DFK08-2,DFK08,Fluently,,2
DFK08-3,DFK08,Somewhat fluently,,3
DFK08-4,DFK08,A little fluently,,4
DFK08-5,DFK08,Not fluently at all,,5
DFK08-B,DFK08,B,"“blank”. The question is relevant to the domain in question, but the respondent chose not to answer the question.",
DFK09-1,DFK09,The Focus Group language,,
DFK09-2,DFK09,The Neighbour Group language,,
DFK09-3,DFK09,Some other language,,
DFK09-4,DFK09,This is highly contextual,,
DFK09-B,DFK09,B,"“blank”. The question is relevant to the domain in question, but the respondent chose not to answer the question.",
DFK10-1,DFK10,Very well,,1
DFK10-2,DFK10,Well,,2
DFK10-3,DFK10,Somewhat,,3
DFK10-4,DFK10,Poorly,,4
DFK10-5,DFK10,Very poorly,,5
DFK10-B,DFK10,B,"“blank”. The question is relevant to the domain in question, but the respondent chose not to answer the question.",
DFK11-1,DFK11,Very proximate to each other,,1
DFK11-2,DFK11,Proximate to each other,,2
DFK11-3,DFK11,Somewhat proximate to each other,,3
DFK11-4,DFK11,Far from each other,,4
DFK11-5,DFK11,Very far from each other,,5
DFK11-B,DFK11,B,"“blank”. The question is relevant to the domain in question, but the respondent chose not to answer the question.",
DFK12-1,DFK12,Very often,,1
DFK12-2,DFK12,Often,,2
DFK12-3,DFK12,Sometimes,,3
DFK12-4,DFK12,Rarely,,4
DFK12-5,DFK12,Very rarely,,5
DFK12-B,DFK12,B,"“blank”. The question is relevant to the domain in question, but the respondent chose not to answer the question.",
DFK14-1,DFK14,Friendly,,1
DFK14-2,DFK14,Somewhat friendly,,2
DFK14-3,DFK14,Neutral,,3
DFK14-4,DFK14,Somewhat hostile,,4
DFK14-5,DFK14,Hostile,,5
DFK14-B,DFK14,B,"“blank”. The question is relevant to the domain in question, but the respondent chose not to answer the question.",
DFK15-1,DFK15,Interactions are practically always under 5 people,,1
DFK15-2,DFK15,Interactions are often under 5 people,,2
DFK15-3,DFK15,Interactions are sometimes under 5 people,,3
DFK15-4,DFK15,Interactions are rarely under 5 people,,4
DFK15-5,DFK15,Interactions are practically never under 5 people,,5
DFK15-B,DFK15,B,"“blank”. The question is relevant to the domain in question, but the respondent chose not to answer the question.",
DFK16-1,DFK16,Very affectionate,,1
DFK16-2,DFK16,Affectionate,,2
DFK16-3,DFK16,Neutral,,3
DFK16-4,DFK16,Unaffectionate,,4
DFK16-5,DFK16,Very unaffectionate,,5
DFK16-B,DFK16,B,"“blank”. The question is relevant to the domain in question, but the respondent chose not to answer the question.",
DFK20-1,DFK20,The Focus Group language,,
DFK20-2,DFK20,The Neighbour Group language,,
DFK20-3,DFK20,Some other language,,
DFK20-4,DFK20,This is highly contextual,,
DFK20-B,DFK20,B,"“blank”. The question is relevant to the domain in question, but the respondent chose not to answer the question.",
DFK21-1,DFK21,The Focus Group language,,
DFK21-2,DFK21,The Neighbour Group language,,
DFK21-3,DFK21,Some other language,,
DFK21-4,DFK21,This is highly contextual,,
DFK21-B,DFK21,B,"“blank”. The question is relevant to the domain in question, but the respondent chose not to answer the question.",
DFK22-1,DFK22,The Focus Group language,,
DFK22-2,DFK22,The Neighbour Group language,,
DFK22-3,DFK22,Some other language,,
DFK22-4,DFK22,This is highly contextual,,
DFK22-B,DFK22,B,"“blank”. The question is relevant to the domain in question, but the respondent chose not to answer the question.",
DFK23-1,DFK23,The Focus Group language,,
DFK23-2,DFK23,The Neighbour Group language,,
DFK23-3,DFK23,Some other language,,
DFK23-4,DFK23,This is highly contextual,,
DFK23-B,DFK23,B,"“blank”. The question is relevant to the domain in question, but the respondent chose not to answer the question.",
DFK24-1,DFK24,Constant supervision,,1
DFK24-2,DFK24,A lot of supervision,,2
DFK24-3,DFK24,Some supervision,,3
DFK24-4,DFK24,Little supervision,,4
DFK24-5,DFK24,Almost no structured supervision at all,,5
DFK24-B,DFK24,B,"“blank”. The question is relevant to the domain in question, but the respondent chose not to answer the question.",
DFK25-1,DFK25,The Focus Group language,,
DFK25-2,DFK25,The Neighbour Group language,,
DFK25-3,DFK25,Some other language,,
DFK25-4,DFK25,This is highly contextual,,
DFK25-B,DFK25,B,"“blank”. The question is relevant to the domain in question, but the respondent chose not to answer the question.",
DFK26-1,DFK26,The Focus Group language,,
DFK26-2,DFK26,The Neighbour Group language,,
DFK26-3,DFK26,Some other language,,
DFK26-4,DFK26,This is highly contextual,,
DFK26-B,DFK26,B,"“blank”. The question is relevant to the domain in question, but the respondent chose not to answer the question.",
DFK28-1,DFK28,The Focus Group language,,
DFK28-2,DFK28,The Neighbour Group language,,
DFK28-3,DFK28,Some other language,,
DFK28-4,DFK28,This is highly contextual,,
DFK28-B,DFK28,B,"“blank”. The question is relevant to the domain in question, but the respondent chose not to answer the question.",
DFK30-1,DFK30,The Focus Group language,,
DFK30-2,DFK30,The Neighbour Group language,,
DFK30-3,DFK30,Some other language,,
DFK30-4,DFK30,This is highly contextual,,
DFK30-B,DFK30,B,"“blank”. The question is relevant to the domain in question, but the respondent chose not to answer the question.",
DFK31-1,DFK31,Yes,,
DFK31-2,DFK31,No,,
DFK31-3,DFK31,This is highly contextual,,
DFK31-B,DFK31,B,"“blank”. The question is relevant to the domain in question, but the respondent chose not to answer the question.",
DFK32-1,DFK32,Very fluently,,1
DFK32-2,DFK32,Fluently,,2
DFK32-3,DFK32,Somewhat fluently,,3
DFK32-4,DFK32,A little fluently,,4
DFK32-5,DFK32,Not fluently at all,,5
DFK32-B,DFK32,B,"“blank”. The question is relevant to the domain in question, but the respondent chose not to answer the question.",
DFK33-1,DFK33,Very positive,,1
DFK33-2,DFK33,Positive,,2
DFK33-3,DFK33,Neutral,,3
DFK33-4,DFK33,Negative,,4
DFK33-5,DFK33,Very negative,,5
DFK33-B,DFK33,B,"“blank”. The question is relevant to the domain in question, but the respondent chose not to answer the question.",
DFK34-1,DFK34,The Focus Group language,,
DFK34-2,DFK34,The Neighbour Group language,,
DFK34-3,DFK34,Some other language,,
DFK34-4,DFK34,This is highly contextual,,
DFK34-B,DFK34,B,"“blank”. The question is relevant to the domain in question, but the respondent chose not to answer the question.",
DFK35-1,DFK35,Focus Group women practically always relocate to Neighbour Group locations,,1
DFK35-2,DFK35,Focus Group women often relocate to Neighbour Group locations,,2
DFK35-3,DFK35,Focus Group women sometimes relocate to Neighbour Group locations,,3
DFK35-4,DFK35,Focus Group women rarely relocate to Neighbour Group locations,,4
DFK35-5,DFK35,Focus Group women practically never relocate to Neighbour Group locations,,5
DFK35-B,DFK35,B,"“blank”. The question is relevant to the domain in question, but the respondent chose not to answer the question.",
DFK37-1,DFK37,Very proximate to each other,,1
DFK37-2,DFK37,Proximate to each other,,2
DFK37-3,DFK37,Somewhat proximate to each other,,3
DFK37-4,DFK37,Far from each other,,4
DFK37-5,DFK37,Very far from each other,,5
DFK37-B,DFK37,B,"“blank”. The question is relevant to the domain in question, but the respondent chose not to answer the question.",
DFK38_DFK38-1-yes,DFK38_DFK38-1,Yes,,
DFK38_DFK38-1-no,DFK38_DFK38-1,No,,
DFK38_DFK38-1-B,DFK38_DFK38-1,B,"“blank”. The question is relevant to the domain in question, but the respondent chose not to answer the question.",
DFK38_DFK38-2-yes,DFK38_DFK38-2,Yes,,
DFK38_DFK38-2-no,DFK38_DFK38-2,No,,
DFK38_DFK38-2-B,DFK38_DFK38-2,B,"“blank”. The question is relevant to the domain in question, but the respondent chose not to answer the question.",
DFK38_DFK38-3-yes,DFK38_DFK38-3,Yes,,
DFK38_DFK38-3-no,DFK38_DFK38-3,No,,
DFK38_DFK38-3-B,DFK38_DFK38-3,B,"“blank”. The question is relevant to the domain in question, but the respondent chose not to answer the question.",
DFK39-1,DFK39,Neighbour Group women practically always relocate to Focus Group locations,,1
DFK39-2,DFK39,Neighbour Group women often relocate to Focus Group locations,,2
DFK39-3,DFK39,Neighbour Group women sometimes relocate to Focus Group locations,,3
DFK39-4,DFK39,Neighbour Group women rarely relocate to Focus Group locations,,4
DFK39-5,DFK39,Neighbour Group women practically never relocate to Focus Group locations,,5
DFK39-B,DFK39,B,"“blank”. The question is relevant to the domain in question, but the respondent chose not to answer the question.",
DFK40-yes,DFK40,Yes,,
DFK40-no,DFK40,No,,
DFK40-B,DFK40,B,"“blank”. The question is relevant to the domain in question, but the respondent chose not to answer the question.",
DFK96-1,DFK96,Other Focus Group people,,
DFK96-2,DFK96,People from other groups,,
DFK96-B,DFK96,B,"“blank”. The question is relevant to the domain in question, but the respondent chose not to answer the question.",
DFK97-1,DFK97,Impressions from my own fieldwork with the exact or related community,,
DFK97-2,DFK97,Reports from language consultants,,
DFK97-3,DFK97,Published or ongoing research project of my own on topics covered in this questionnaire,,
DFK97-4,DFK97,Published material by linguists,,
DFK97-5,DFK97,Published materials by other researchers in other fields,,
DFK97-6,DFK97,Other,,
DFK97-B,DFK97,B,"“blank”. The question is relevant to the domain in question, but the respondent chose not to answer the question.",
DFK98-1,DFK98,Very certain,,1
DFK98-2,DFK98,Certain,,2
DFK98-3,DFK98,Somewhat certain,,3
DFK98-4,DFK98,Uncertain,,4
DFK98-5,DFK98,Very uncertain,,5
DFK98-B,DFK98,B,"“blank”. The question is relevant to the domain in question, but the respondent chose not to answer the question.",
DFKXX-1,DFKXX,Very well,,1
DFKXX-2,DFKXX,Well,,2
DFKXX-3,DFKXX,Somewhat,,3
DFKXX-4,DFKXX,Poorly,,4
DFKXX-5,DFKXX,Very poorly,,5
DFKXX-B,DFKXX,B,"“blank”. The question is relevant to the domain in question, but the respondent chose not to answer the question.",
DKN00-yes,DKN00,Yes,,
DKN00-no,DKN00,No,,
DKN00-B,DKN00,B,"“blank”. The question is relevant to the domain in question, but the respondent chose not to answer the question.",
DKN02-1,DKN02,Global,,
DKN02-2,DKN02,Local,,
DKN02-B,DKN02,B,"“blank”. The question is relevant to the domain in question, but the respondent chose not to answer the question.",
DKN03_DKN03-1-yes,DKN03_DKN03-1,Yes,,
DKN03_DKN03-1-no,DKN03_DKN03-1,No,,
DKN03_DKN03-1-B,DKN03_DKN03-1,B,"“blank”. The question is relevant to the domain in question, but the respondent chose not to answer the question.",
DKN03_DKN03-2-yes,DKN03_DKN03-2,Yes,,
DKN03_DKN03-2-no,DKN03_DKN03-2,No,,
DKN03_DKN03-2-B,DKN03_DKN03-2,B,"“blank”. The question is relevant to the domain in question, but the respondent chose not to answer the question.",
DKN03_DKN03-3-yes,DKN03_DKN03-3,Yes,,
DKN03_DKN03-3-no,DKN03_DKN03-3,No,,
DKN03_DKN03-3-B,DKN03_DKN03-3,B,"“blank”. The question is relevant to the domain in question, but the respondent chose not to answer the question.",
DKN03_DKN03-4-yes,DKN03_DKN03-4,Yes,,
DKN03_DKN03-4-no,DKN03_DKN03-4,No,,
DKN03_DKN03-4-B,DKN03_DKN03-4,B,"“blank”. The question is relevant to the domain in question, but the respondent chose not to answer the question.",
DKN03_DKN03-5-yes,DKN03_DKN03-5,Yes,,
DKN03_DKN03-5-no,DKN03_DKN03-5,No,,
DKN03_DKN03-5-B,DKN03_DKN03-5,B,"“blank”. The question is relevant to the domain in question, but the respondent chose not to answer the question.",
DKN03_DKN03-6-yes,DKN03_DKN03-6,Yes,,
DKN03_DKN03-6-no,DKN03_DKN03-6,No,,
DKN03_DKN03-6-B,DKN03_DKN03-6,B,"“blank”. The question is relevant to the domain in question, but the respondent chose not to answer the question.",
DKN03_DKN03-7-yes,DKN03_DKN03-7,Yes,,
DKN03_DKN03-7-no,DKN03_DKN03-7,No,,
DKN03_DKN03-7-B,DKN03_DKN03-7,B,"“blank”. The question is relevant to the domain in question, but the respondent chose not to answer the question.",
DKN03_DKN03-8-yes,DKN03_DKN03-8,Yes,,
DKN03_DKN03-8-no,DKN03_DKN03-8,No,,
DKN03_DKN03-8-B,DKN03_DKN03-8,B,"“blank”. The question is relevant to the domain in question, but the respondent chose not to answer the question.",
DKN03_DKN03-9-yes,DKN03_DKN03-9,Yes,,
DKN03_DKN03-9-no,DKN03_DKN03-9,No,,
DKN03_DKN03-9-B,DKN03_DKN03-9,B,"“blank”. The question is relevant to the domain in question, but the respondent chose not to answer the question.",
DKN04-1,DKN04,"Focus Group people are masters, Neighbour Group are novices",,
DKN04-2,DKN04,"Neighbour Group people are masters, Focus Group are novices",,
DKN04-3,DKN04,None of the above,,
DKN04-B,DKN04,B,"“blank”. The question is relevant to the domain in question, but the respondent chose not to answer the question.",
DKN05-1,DKN05,At places which belong to the Focus Group,,
DKN05-2,DKN05,At places which belong to the Neighbour Group,,
DKN05-3,DKN05,At places which belong to some other group,,
DKN05-4,DKN05,This is highly contextual,,
DKN05-B,DKN05,B,"“blank”. The question is relevant to the domain in question, but the respondent chose not to answer the question.",
DKN06-yes,DKN06,Yes,,
DKN06-no,DKN06,No,,
DKN06-B,DKN06,B,"“blank”. The question is relevant to the domain in question, but the respondent chose not to answer the question.",
DKN07-yes,DKN07,Yes,,
DKN07-no,DKN07,No,,
DKN07-B,DKN07,B,"“blank”. The question is relevant to the domain in question, but the respondent chose not to answer the question.",
DKN08-1,DKN08,Very often,,1
DKN08-2,DKN08,Often,,2
DKN08-3,DKN08,Sometimes,,3
DKN08-4,DKN08,Rarely,,4
DKN08-5,DKN08,Very rarely,,5
DKN08-B,DKN08,B,"“blank”. The question is relevant to the domain in question, but the respondent chose not to answer the question.",
DKN10-1,DKN10,Interactions are practically always under 5 people,,1
DKN10-2,DKN10,Interactions are  often under 5 people,,2
DKN10-3,DKN10,Interactions are sometimes under 5 people,,3
DKN10-4,DKN10,Interactions are rarely under 5 people,,4
DKN10-5,DKN10,Interactions are practically never under 5 people,,5
DKN10-B,DKN10,B,"“blank”. The question is relevant to the domain in question, but the respondent chose not to answer the question.",
DKN11-1,DKN11,Very proximate to each other,,1
DKN11-2,DKN11,Proximate to each other,,2
DKN11-3,DKN11,Somewhat proximate to each other,,3
DKN11-4,DKN11,Far from each other,,4
DKN11-5,DKN11,Very far from each other,,5
DKN11-B,DKN11,B,"“blank”. The question is relevant to the domain in question, but the respondent chose not to answer the question.",
DKN12-1,DKN12,Friendly,,1
DKN12-2,DKN12,Somewhat friendly,,2
DKN12-3,DKN12,Neutral,,3
DKN12-4,DKN12,Somewhat hostile,,4
DKN12-5,DKN12,Hostile,,5
DKN12-B,DKN12,B,"“blank”. The question is relevant to the domain in question, but the respondent chose not to answer the question.",
DKN13-1,DKN13,Very positive,,1
DKN13-2,DKN13,Positive,,2
DKN13-3,DKN13,Neutral,,3
DKN13-4,DKN13,Negative,,4
DKN13-5,DKN13,Very negative,,5
DKN13-B,DKN13,B,"“blank”. The question is relevant to the domain in question, but the respondent chose not to answer the question.",
DKN14-1,DKN14,Focus Group see themselves as very superior to Neighbour Group,,1
DKN14-2,DKN14,Focus Group see themselves as superior to Neighbour Group,,2
DKN14-3,DKN14,Focus Group see themselves as neither superior nor inferior to Neighbour Group,,3
DKN14-4,DKN14,Focus Group see themselves as inferior to Neighbour Group,,4
DKN14-5,DKN14,Focus Group see themselves as very inferior to Neighbour Group,,5
DKN14-B,DKN14,B,"“blank”. The question is relevant to the domain in question, but the respondent chose not to answer the question.",
DKN16-1,DKN16,The Focus Group language,,
DKN16-2,DKN16,The Neighbour Group language,,
DKN16-3,DKN16,Some other language,,
DKN16-4,DKN16,This is highly contextual,,
DKN16-B,DKN16,B,"“blank”. The question is relevant to the domain in question, but the respondent chose not to answer the question.",
DKN17-1,DKN17,The Focus Group language,,
DKN17-2,DKN17,The Neighbour Group language,,
DKN17-3,DKN17,Some other language,,
DKN17-4,DKN17,This is highly contextual,,
DKN17-B,DKN17,B,"“blank”. The question is relevant to the domain in question, but the respondent chose not to answer the question.",
DKN18-1,DKN18,Yes,,
DKN18-2,DKN18,No,,
DKN18-3,DKN18,This is highly contextual,,
DKN18-B,DKN18,B,"“blank”. The question is relevant to the domain in question, but the respondent chose not to answer the question.",
DKN19-1,DKN19,Very fluently,,1
DKN19-2,DKN19,Fluently,,2
DKN19-3,DKN19,Somewhat fluently,,3
DKN19-4,DKN19,A little fluently,,4
DKN19-5,DKN19,Not fluently at all,,5
DKN19-B,DKN19,B,"“blank”. The question is relevant to the domain in question, but the respondent chose not to answer the question.",
DKN20-1,DKN20,The Focus Group language,,
DKN20-2,DKN20,The Neighbour Group language,,
DKN20-3,DKN20,Some other language,,
DKN20-4,DKN20,This is highly contextual,,
DKN20-B,DKN20,B,"“blank”. The question is relevant to the domain in question, but the respondent chose not to answer the question.",
DKN21-1,DKN21,Very well,,1
DKN21-2,DKN21,Well,,2
DKN21-3,DKN21,Somewhat,,3
DKN21-4,DKN21,Poorly,,4
DKN21-5,DKN21,Very poorly,,5
DKN21-B,DKN21,B,"“blank”. The question is relevant to the domain in question, but the respondent chose not to answer the question.",
DKN22-1,DKN22,They practically always participate,,1
DKN22-2,DKN22,They participate a lot,,2
DKN22-3,DKN22,They participate somewhat,,3
DKN22-4,DKN22,They participate a little,,4
DKN22-5,DKN22,They practically never participate,,5
DKN22-B,DKN22,B,"“blank”. The question is relevant to the domain in question, but the respondent chose not to answer the question.",
DKN23_DKN23-1-yes,DKN23_DKN23-1,Yes,,
DKN23_DKN23-1-no,DKN23_DKN23-1,No,,
DKN23_DKN23-1-B,DKN23_DKN23-1,B,"“blank”. The question is relevant to the domain in question, but the respondent chose not to answer the question.",
DKN23_DKN23-2-yes,DKN23_DKN23-2,Yes,,
DKN23_DKN23-2-no,DKN23_DKN23-2,No,,
DKN23_DKN23-2-B,DKN23_DKN23-2,B,"“blank”. The question is relevant to the domain in question, but the respondent chose not to answer the question.",
DKN23_DKN23-3-yes,DKN23_DKN23-3,Yes,,
DKN23_DKN23-3-no,DKN23_DKN23-3,No,,
DKN23_DKN23-3-B,DKN23_DKN23-3,B,"“blank”. The question is relevant to the domain in question, but the respondent chose not to answer the question.",
DKN23_DKN23-4-yes,DKN23_DKN23-4,Yes,,
DKN23_DKN23-4-no,DKN23_DKN23-4,No,,
DKN23_DKN23-4-B,DKN23_DKN23-4,B,"“blank”. The question is relevant to the domain in question, but the respondent chose not to answer the question.",
DKN24-1,DKN24,The Focus Group language,,
DKN24-2,DKN24,The Neighbour Group language,,
DKN24-3,DKN24,Some other language,,
DKN24-4,DKN24,This is highly contextual,,
DKN24-B,DKN24,B,"“blank”. The question is relevant to the domain in question, but the respondent chose not to answer the question.",
DKN25-1,DKN25,The Focus Group language,,
DKN25-2,DKN25,The Neighbour Group language,,
DKN25-3,DKN25,Some other language,,
DKN25-4,DKN25,This is highly contextual,,
DKN25-B,DKN25,B,"“blank”. The question is relevant to the domain in question, but the respondent chose not to answer the question.",
DKN26-1,DKN26,Focus Group children do not interact with Neighbour Group children,,
DKN26-2,DKN26,The Focus Group language,,
DKN26-3,DKN26,The Neighbour Group language,,
DKN26-4,DKN26,Some other language,,
DKN26-5,DKN26,This is highly contextual,,
DKN26-B,DKN26,B,"“blank”. The question is relevant to the domain in question, but the respondent chose not to answer the question.",
DKN27-1,DKN27,Constant structured supervision,,1
DKN27-2,DKN27,A lot of structured supervision,,2
DKN27-3,DKN27,Some structured supervision,,3
DKN27-4,DKN27,Little structured supervision,,4
DKN27-5,DKN27,Almost no structured supervision at all,,5
DKN27-B,DKN27,B,"“blank”. The question is relevant to the domain in question, but the respondent chose not to answer the question.",
DKN28-1,DKN28,Influence is practically always exerted,,1
DKN28-2,DKN28,Influence is very much exerted,,2
DKN28-3,DKN28,Influence is somewhat exerted,,3
DKN28-4,DKN28,Influence is exerted very little,,4
DKN28-5,DKN28,Influence is practically never exerted,,5
DKN28-B,DKN28,B,"“blank”. The question is relevant to the domain in question, but the respondent chose not to answer the question.",
DKN29-1,DKN29,Almost everyone,,1
DKN29-2,DKN29,Many people,,2
DKN29-3,DKN29,Some people,,3
DKN29-4,DKN29,Few people,,4
DKN29-5,DKN29,Practically no one,,5
DKN29-B,DKN29,B,"“blank”. The question is relevant to the domain in question, but the respondent chose not to answer the question.",
DKN30-1,DKN30,Almost everyone,,1
DKN30-2,DKN30,Many people,,2
DKN30-3,DKN30,Some people,,3
DKN30-4,DKN30,Few people,,4
DKN30-5,DKN30,Practically no one,,5
DKN30-B,DKN30,B,"“blank”. The question is relevant to the domain in question, but the respondent chose not to answer the question.",
DKN31-1,DKN31,Always,,1
DKN31-2,DKN31,Sometimes,,2
DKN31-3,DKN31,As much as unmonitored speech,,3
DKN31-4,DKN31,Rarely,,4
DKN31-5,DKN31,Never,,5
DKN31-B,DKN31,B,"“blank”. The question is relevant to the domain in question, but the respondent chose not to answer the question.",
DKN97-1,DKN97,Impressions from my own fieldwork with the exact or related community,,
DKN97-2,DKN97,Reports from language consultants,,
DKN97-3,DKN97,Published or ongoing research project of my own on topics covered in this questionnaire,,
DKN97-4,DKN97,Published material by linguists,,
DKN97-5,DKN97,Published materials by other researchers in other fields,,
DKN97-6,DKN97,Other,,
DKN97-B,DKN97,B,"“blank”. The question is relevant to the domain in question, but the respondent chose not to answer the question.",
DKN98-1,DKN98,Very certain,,1
DKN98-2,DKN98,Certain,,2
DKN98-3,DKN98,Somewhat certain,,3
DKN98-4,DKN98,Uncertain,,4
DKN98-5,DKN98,Very uncertain,,5
DKN98-B,DKN98,B,"“blank”. The question is relevant to the domain in question, but the respondent chose not to answer the question.",
DLB00-yes,DLB00,Yes,,
DLB00-no,DLB00,No,,
DLB00-B,DLB00,B,"“blank”. The question is relevant to the domain in question, but the respondent chose not to answer the question.",
DLB02-1,DLB02,Very commonly,,1
DLB02-2,DLB02,Commonly,,2
DLB02-3,DLB02,Somewhat commonly,,3
DLB02-4,DLB02,Uncommonly,,4
DLB02-5,DLB02,Very uncommonly,,5
DLB02-B,DLB02,B,"“blank”. The question is relevant to the domain in question, but the respondent chose not to answer the question.",
DLB03_DLB03-1-yes,DLB03_DLB03-1,Yes,,
DLB03_DLB03-1-no,DLB03_DLB03-1,No,,
DLB03_DLB03-1-B,DLB03_DLB03-1,B,"“blank”. The question is relevant to the domain in question, but the respondent chose not to answer the question.",
DLB03_DLB03-2-yes,DLB03_DLB03-2,Yes,,
DLB03_DLB03-2-no,DLB03_DLB03-2,No,,
DLB03_DLB03-2-B,DLB03_DLB03-2,B,"“blank”. The question is relevant to the domain in question, but the respondent chose not to answer the question.",
DLB03_DLB03-3-yes,DLB03_DLB03-3,Yes,,
DLB03_DLB03-3-no,DLB03_DLB03-3,No,,
DLB03_DLB03-3-B,DLB03_DLB03-3,B,"“blank”. The question is relevant to the domain in question, but the respondent chose not to answer the question.",
DLB03_DLB03-4-yes,DLB03_DLB03-4,Yes,,
DLB03_DLB03-4-no,DLB03_DLB03-4,No,,
DLB03_DLB03-4-B,DLB03_DLB03-4,B,"“blank”. The question is relevant to the domain in question, but the respondent chose not to answer the question.",
DLB03_DLB03-5-yes,DLB03_DLB03-5,Yes,,
DLB03_DLB03-5-no,DLB03_DLB03-5,No,,
DLB03_DLB03-5-B,DLB03_DLB03-5,B,"“blank”. The question is relevant to the domain in question, but the respondent chose not to answer the question.",
DLB03_DLB03-6-yes,DLB03_DLB03-6,Yes,,
DLB03_DLB03-6-no,DLB03_DLB03-6,No,,
DLB03_DLB03-6-B,DLB03_DLB03-6,B,"“blank”. The question is relevant to the domain in question, but the respondent chose not to answer the question.",
DLB03_DLB03-7-yes,DLB03_DLB03-7,Yes,,
DLB03_DLB03-7-no,DLB03_DLB03-7,No,,
DLB03_DLB03-7-B,DLB03_DLB03-7,B,"“blank”. The question is relevant to the domain in question, but the respondent chose not to answer the question.",
DLB03_DLB03-8-yes,DLB03_DLB03-8,Yes,,
DLB03_DLB03-8-no,DLB03_DLB03-8,No,,
DLB03_DLB03-8-B,DLB03_DLB03-8,B,"“blank”. The question is relevant to the domain in question, but the respondent chose not to answer the question.",
DLB03_DLB03-9-yes,DLB03_DLB03-9,Yes,,
DLB03_DLB03-9-no,DLB03_DLB03-9,No,,
DLB03_DLB03-9-B,DLB03_DLB03-9,B,"“blank”. The question is relevant to the domain in question, but the respondent chose not to answer the question.",
DLB04-yes,DLB04,Yes,,
DLB04-no,DLB04,No,,
DLB04-B,DLB04,B,"“blank”. The question is relevant to the domain in question, but the respondent chose not to answer the question.",
DLB05-1,DLB05,At places which belong to the Focus Group,,
DLB05-2,DLB05,At places which belong to the Neighbour Group,,
DLB05-3,DLB05,At places which belong to some other group,,
DLB05-4,DLB05,This is highly contextual,,
DLB05-B,DLB05,B,"“blank”. The question is relevant to the domain in question, but the respondent chose not to answer the question.",
DLB06-yes,DLB06,Yes,,
DLB06-no,DLB06,No,,
DLB06-B,DLB06,B,"“blank”. The question is relevant to the domain in question, but the respondent chose not to answer the question.",
DLB07-1,DLB07,Very often,,1
DLB07-2,DLB07,Often,,2
DLB07-3,DLB07,Sometimes,,3
DLB07-4,DLB07,Rarely,,4
DLB07-5,DLB07,Very rarely,,5
DLB07-B,DLB07,B,"“blank”. The question is relevant to the domain in question, but the respondent chose not to answer the question.",
DLB09-1,DLB09,Interactions are practically always under 5 people,,1
DLB09-2,DLB09,Interactions are often under 5 people,,2
DLB09-3,DLB09,Interactions are sometimes under 5 people,,3
DLB09-4,DLB09,Interactions are rarely under 5 people,,4
DLB09-5,DLB09,Interactions are practically never under 5 people,,5
DLB09-B,DLB09,B,"“blank”. The question is relevant to the domain in question, but the respondent chose not to answer the question.",
DLB10-1,DLB10,Very proximate to each other,,1
DLB10-2,DLB10,Proximate to each other,,2
DLB10-3,DLB10,Somewhat proximate to each other,,3
DLB10-4,DLB10,Far from each other,,4
DLB10-5,DLB10,Very far from each other,,5
DLB10-B,DLB10,B,"“blank”. The question is relevant to the domain in question, but the respondent chose not to answer the question.",
DLB11-1,DLB11,Friendly,,1
DLB11-2,DLB11,Somewhat friendly,,2
DLB11-3,DLB11,Neutral,,3
DLB11-4,DLB11,Somewhat hostile,,4
DLB11-5,DLB11,Hostile,,5
DLB11-B,DLB11,B,"“blank”. The question is relevant to the domain in question, but the respondent chose not to answer the question.",
DLB13-1,DLB13,Yes,,
DLB13-2,DLB13,No,,
DLB13-3,DLB13,This is highly contextual,,
DLB13-B,DLB13,B,"“blank”. The question is relevant to the domain in question, but the respondent chose not to answer the question.",
DLB14-1,DLB14,Very fluently,,1
DLB14-2,DLB14,Fluently,,2
DLB14-3,DLB14,Somewhat fluently,,3
DLB14-4,DLB14,A little fluently,,4
DLB14-5,DLB14,Not fluently at all,,5
DLB14-B,DLB14,B,"“blank”. The question is relevant to the domain in question, but the respondent chose not to answer the question.",
DLB15-1,DLB15,The Focus Group language,,
DLB15-2,DLB15,The Neighbour Group language,,
DLB15-3,DLB15,Some other language,,
DLB15-4,DLB15,This is highly contextual,,
DLB15-B,DLB15,B,"“blank”. The question is relevant to the domain in question, but the respondent chose not to answer the question.",
DLB16-1,DLB16,Very well,,1
DLB16-2,DLB16,Well,,2
DLB16-3,DLB16,Somewhat,,3
DLB16-4,DLB16,Poorly,,4
DLB16-5,DLB16,Very poorly,,5
DLB16-B,DLB16,B,"“blank”. The question is relevant to the domain in question, but the respondent chose not to answer the question.",
DLB17-1,DLB17,They practically always participate,,1
DLB17-2,DLB17,They participate a lot,,2
DLB17-3,DLB17,They participate somewhat,,3
DLB17-4,DLB17,They participate a little,,4
DLB17-5,DLB17,They practically never participate,,5
DLB17-B,DLB17,B,"“blank”. The question is relevant to the domain in question, but the respondent chose not to answer the question.",
DLB18-1,DLB18,The Focus Group language,,
DLB18-2,DLB18,The Neighbour Group language,,
DLB18-3,DLB18,Some other language,,
DLB18-4,DLB18,This is highly contextual,,
DLB18-B,DLB18,B,"“blank”. The question is relevant to the domain in question, but the respondent chose not to answer the question.",
DLB19-1,DLB19,The Focus Group language,,
DLB19-2,DLB19,The Neighbour Group language,,
DLB19-3,DLB19,Some other language,,
DLB19-4,DLB19,This is highly contextual,,
DLB19-B,DLB19,B,"“blank”. The question is relevant to the domain in question, but the respondent chose not to answer the question.",
DLB20-1,DLB20,Focus Group children do not interact with Neighbour Group children,,
DLB20-2,DLB20,The Focus Group language,,
DLB20-3,DLB20,The Neighbour Group language,,
DLB20-4,DLB20,Some other language,,
DLB20-5,DLB20,This is highly contextual,,
DLB20-B,DLB20,B,"“blank”. The question is relevant to the domain in question, but the respondent chose not to answer the question.",
DLB21_DLB21-1-yes,DLB21_DLB21-1,Yes,,
DLB21_DLB21-1-no,DLB21_DLB21-1,No,,
DLB21_DLB21-1-B,DLB21_DLB21-1,B,"“blank”. The question is relevant to the domain in question, but the respondent chose not to answer the question.",
DLB21_DLB21-2-yes,DLB21_DLB21-2,Yes,,
DLB21_DLB21-2-no,DLB21_DLB21-2,No,,
DLB21_DLB21-2-B,DLB21_DLB21-2,B,"“blank”. The question is relevant to the domain in question, but the respondent chose not to answer the question.",
DLB21_DLB21-3-yes,DLB21_DLB21-3,Yes,,
DLB21_DLB21-3-no,DLB21_DLB21-3,No,,
DLB21_DLB21-3-B,DLB21_DLB21-3,B,"“blank”. The question is relevant to the domain in question, but the respondent chose not to answer the question.",
DLB21_DLB21-4-yes,DLB21_DLB21-4,Yes,,
DLB21_DLB21-4-no,DLB21_DLB21-4,No,,
DLB21_DLB21-4-B,DLB21_DLB21-4,B,"“blank”. The question is relevant to the domain in question, but the respondent chose not to answer the question.",
DLB22-1,DLB22,Very positive,,1
DLB22-2,DLB22,Positive,,2
DLB22-3,DLB22,Neutral,,3
DLB22-4,DLB22,Negative,,4
DLB22-5,DLB22,Very negative,,5
DLB22-B,DLB22,B,"“blank”. The question is relevant to the domain in question, but the respondent chose not to answer the question.",
DLB23-1,DLB23,Focus Group see themselves as very superior to Neighbour Group,,1
DLB23-2,DLB23,Focus Group see themselves as superior to Neighbour Group,,2
DLB23-3,DLB23,Focus Group see themselves as neither superior nor inferior to Neighbour Group,,3
DLB23-4,DLB23,Focus Group see themselves as inferior to Neighbour Group,,4
DLB23-5,DLB23,Focus Group see themselves as very inferior to Neighbour Group,,5
DLB23-B,DLB23,B,"“blank”. The question is relevant to the domain in question, but the respondent chose not to answer the question.",
DLB25-1,DLB25,The Focus Group language,,
DLB25-2,DLB25,The Neighbour Group language,,
DLB25-3,DLB25,Some other language,,
DLB25-4,DLB25,This is highly contextual,,
DLB25-B,DLB25,B,"“blank”. The question is relevant to the domain in question, but the respondent chose not to answer the question.",
DLB26-1,DLB26,Constant supervision,,1
DLB26-2,DLB26,A lot of supervision,,2
DLB26-3,DLB26,Some supervision,,3
DLB26-4,DLB26,Little supervision,,4
DLB26-5,DLB26,Almost no structured supervision at all,,5
DLB26-B,DLB26,B,"“blank”. The question is relevant to the domain in question, but the respondent chose not to answer the question.",
DLB27-1,DLB27,Almost everyone,,1
DLB27-2,DLB27,Many people,,2
DLB27-3,DLB27,Some people,,3
DLB27-4,DLB27,Few people,,4
DLB27-5,DLB27,Practically no one,,5
DLB27-B,DLB27,B,"“blank”. The question is relevant to the domain in question, but the respondent chose not to answer the question.",
DLB28-1,DLB28,Almost everyone,,1
DLB28-2,DLB28,Many people,,2
DLB28-3,DLB28,Some people,,3
DLB28-4,DLB28,Few people,,4
DLB28-5,DLB28,Practically no one,,5
DLB28-B,DLB28,B,"“blank”. The question is relevant to the domain in question, but the respondent chose not to answer the question.",
DLB29-1,DLB29,Influence is practically always exerted,,1
DLB29-2,DLB29,Influence is very much exerted,,2
DLB29-3,DLB29,Influence is somewhat exerted,,3
DLB29-4,DLB29,Influence is exerted very little,,4
DLB29-5,DLB29,Influence is practically never exerted,,5
DLB29-B,DLB29,B,"“blank”. The question is relevant to the domain in question, but the respondent chose not to answer the question.",
DLB30-yes,DLB30,Yes,,
DLB30-no,DLB30,No,,
DLB30-B,DLB30,B,"“blank”. The question is relevant to the domain in question, but the respondent chose not to answer the question.",
DLB31-1,DLB31,Always,,1
DLB31-2,DLB31,Sometimes,,2
DLB31-3,DLB31,As much as unmonitored speech,,3
DLB31-4,DLB31,Rarely,,4
DLB31-5,DLB31,Never,,5
DLB31-B,DLB31,B,"“blank”. The question is relevant to the domain in question, but the respondent chose not to answer the question.",
DLB32-1,DLB32,The Focus Group language,,
DLB32-2,DLB32,The Neighbour Group language,,
DLB32-3,DLB32,Some other language,,
DLB32-4,DLB32,This is highly contextual,,
DLB32-B,DLB32,B,"“blank”. The question is relevant to the domain in question, but the respondent chose not to answer the question.",
DLB97-1,DLB97,Impressions from my own fieldwork with the exact or related community,,
DLB97-2,DLB97,Reports from language consultants,,
DLB97-3,DLB97,Published or ongoing research project of my own on topics covered in this questionnaire,,
DLB97-4,DLB97,Published material by linguists,,
DLB97-5,DLB97,Published materials by other researchers in other fields,,
DLB97-6,DLB97,Other,,
DLB97-B,DLB97,B,"“blank”. The question is relevant to the domain in question, but the respondent chose not to answer the question.",
DLB98-1,DLB98,Very certain,,1
DLB98-2,DLB98,Certain,,2
DLB98-3,DLB98,Somewhat certain,,3
DLB98-4,DLB98,Uncertain,,4
DLB98-5,DLB98,Very uncertain,,5
DLB98-B,DLB98,B,"“blank”. The question is relevant to the domain in question, but the respondent chose not to answer the question.",
DLC00-yes,DLC00,Yes,,
DLC00-no,DLC00,No,,
DLC00-B,DLC00,B,"“blank”. The question is relevant to the domain in question, but the respondent chose not to answer the question.",
DLC02-1,DLC02,Nuclear Family,,
DLC02-2,DLC02,Band,,
DLC02-3,DLC02,Neighbourhood or village,,
DLC02-4,DLC02,Town or city,,
DLC02-5,DLC02,Other,,
DLC02-B,DLC02,B,"“blank”. The question is relevant to the domain in question, but the respondent chose not to answer the question.",
DLC03_DLC03-1-yes,DLC03_DLC03-1,Yes,,
DLC03_DLC03-1-no,DLC03_DLC03-1,No,,
DLC03_DLC03-1-B,DLC03_DLC03-1,B,"“blank”. The question is relevant to the domain in question, but the respondent chose not to answer the question.",
DLC03_DLC03-2-yes,DLC03_DLC03-2,Yes,,
DLC03_DLC03-2-no,DLC03_DLC03-2,No,,
DLC03_DLC03-2-B,DLC03_DLC03-2,B,"“blank”. The question is relevant to the domain in question, but the respondent chose not to answer the question.",
DLC03_DLC03-3-yes,DLC03_DLC03-3,Yes,,
DLC03_DLC03-3-no,DLC03_DLC03-3,No,,
DLC03_DLC03-3-B,DLC03_DLC03-3,B,"“blank”. The question is relevant to the domain in question, but the respondent chose not to answer the question.",
DLC03_DLC03-4-yes,DLC03_DLC03-4,Yes,,
DLC03_DLC03-4-no,DLC03_DLC03-4,No,,
DLC03_DLC03-4-B,DLC03_DLC03-4,B,"“blank”. The question is relevant to the domain in question, but the respondent chose not to answer the question.",
DLC04-1,DLC04,The Focus Group language,,
DLC04-2,DLC04,The Neighbour Group language,,
DLC04-3,DLC04,Some other language,,
DLC04-4,DLC04,This is highly contextual,,
DLC04-B,DLC04,B,"“blank”. The question is relevant to the domain in question, but the respondent chose not to answer the question.",
DLC05-1,DLC05,Very proximate to each other,,1
DLC05-2,DLC05,Proximate to each other,,2
DLC05-3,DLC05,Somewhat proximate to each other,,3
DLC05-4,DLC05,Far from each other,,4
DLC05-5,DLC05,Very far from each other,,5
DLC05-B,DLC05,B,"“blank”. The question is relevant to the domain in question, but the respondent chose not to answer the question.",
DLC09-1,DLC09,The Focus Group language,,
DLC09-2,DLC09,The Neighbour Group language,,
DLC09-3,DLC09,Some other language,,
DLC09-4,DLC09,This is highly contextual,,
DLC09-B,DLC09,B,"“blank”. The question is relevant to the domain in question, but the respondent chose not to answer the question.",
DLC10-1,DLC10,Very well,,1
DLC10-2,DLC10,Well,,2
DLC10-3,DLC10,Somewhat,,3
DLC10-4,DLC10,Poorly,,4
DLC10-5,DLC10,Very poorly,,5
DLC10-B,DLC10,B,"“blank”. The question is relevant to the domain in question, but the respondent chose not to answer the question.",
DLC11-1,DLC11,The Focus Group language,,
DLC11-2,DLC11,The Neighbour Group language,,
DLC11-3,DLC11,Some other language,,
DLC11-4,DLC11,This is highly contextual,,
DLC11-B,DLC11,B,"“blank”. The question is relevant to the domain in question, but the respondent chose not to answer the question.",
DLC12-1,DLC12,Yes,,
DLC12-2,DLC12,No,,
DLC12-3,DLC12,This is highly contextual,,
DLC12-B,DLC12,B,"“blank”. The question is relevant to the domain in question, but the respondent chose not to answer the question.",
DLC13-1,DLC13,Very fluently,,1
DLC13-2,DLC13,Fluently,,2
DLC13-3,DLC13,Somewhat fluently,,3
DLC13-4,DLC13,A little fluently,,4
DLC13-5,DLC13,Not fluently at all,,5
DLC13-B,DLC13,B,"“blank”. The question is relevant to the domain in question, but the respondent chose not to answer the question.",
DLC14-1,DLC14,Friendly,,1
DLC14-2,DLC14,Somewhat friendly,,2
DLC14-3,DLC14,Neutral,,3
DLC14-4,DLC14,Somewhat hostile,,4
DLC14-5,DLC14,Hostile,,5
DLC14-B,DLC14,B,"“blank”. The question is relevant to the domain in question, but the respondent chose not to answer the question.",
DLC15-1,DLC15,Interactions are practically always under 5 people,,1
DLC15-2,DLC15,Interactions are often under 5 people,,2
DLC15-3,DLC15,Interactions are sometimes under 5 people,,3
DLC15-4,DLC15,Interactions are rarely under 5 people,,4
DLC15-5,DLC15,Interactions are practically never under 5 people,,5
DLC15-B,DLC15,B,"“blank”. The question is relevant to the domain in question, but the respondent chose not to answer the question.",
DLC16-1,DLC16,Very often,,1
DLC16-2,DLC16,Often,,2
DLC16-3,DLC16,Sometimes,,3
DLC16-4,DLC16,Rarely,,4
DLC16-5,DLC16,Very rarely,,5
DLC16-B,DLC16,B,"“blank”. The question is relevant to the domain in question, but the respondent chose not to answer the question.",
DLC18-1,DLC18,Very positive,,1
DLC18-2,DLC18,Positive,,2
DLC18-3,DLC18,Neutral,,3
DLC18-4,DLC18,Negative,,4
DLC18-5,DLC18,Very negative,,5
DLC18-B,DLC18,B,"“blank”. The question is relevant to the domain in question, but the respondent chose not to answer the question.",
DLC19-1,DLC19,Focus Group see themselves as very superior to Neighbour Group,,1
DLC19-2,DLC19,Focus Group see themselves as superior to Neighbour Group,,2
DLC19-3,DLC19,Focus Group see themselves as neither superior nor inferior to Neighbour Group,,3
DLC19-4,DLC19,Focus Group see themselves as inferior to Neighbour Group,,4
DLC19-5,DLC19,Focus Group see themselves as very inferior to Neighbour Group,,5
DLC19-B,DLC19,B,"“blank”. The question is relevant to the domain in question, but the respondent chose not to answer the question.",
DLC20-1,DLC20,Constant supervision,,1
DLC20-2,DLC20,A lot of supervision,,2
DLC20-3,DLC20,Some supervision,,3
DLC20-4,DLC20,Little supervision,,4
DLC20-5,DLC20,Almost no structured supervision at all,,5
DLC20-B,DLC20,B,"“blank”. The question is relevant to the domain in question, but the respondent chose not to answer the question.",
DLC21-1,DLC21,The Focus Group language,,
DLC21-2,DLC21,The Neighbour Group language,,
DLC21-3,DLC21,Some other language,,
DLC21-4,DLC21,This is highly contextual,,
DLC21-B,DLC21,B,"“blank”. The question is relevant to the domain in question, but the respondent chose not to answer the question.",
DLC22-1,DLC22,The Focus Group language,,
DLC22-2,DLC22,The Neighbour Group language,,
DLC22-3,DLC22,Some other language,,
DLC22-4,DLC22,This is highly contextual,,
DLC22-B,DLC22,B,"“blank”. The question is relevant to the domain in question, but the respondent chose not to answer the question.",
DLC23-1,DLC23,Focus Group children do not interact with Neighbour Group children],,
DLC23-2,DLC23,The Focus Group language,,
DLC23-3,DLC23,The Neighbour Group language,,
DLC23-4,DLC23,Some other language,,
DLC23-5,DLC23,This is highly contextual,,
DLC23-B,DLC23,B,"“blank”. The question is relevant to the domain in question, but the respondent chose not to answer the question.",
DLC25_DLC25-1-yes,DLC25_DLC25-1,Yes,,
DLC25_DLC25-1-no,DLC25_DLC25-1,No,,
DLC25_DLC25-1-B,DLC25_DLC25-1,B,"“blank”. The question is relevant to the domain in question, but the respondent chose not to answer the question.",
DLC25_DLC25-2-yes,DLC25_DLC25-2,Yes,,
DLC25_DLC25-2-no,DLC25_DLC25-2,No,,
DLC25_DLC25-2-B,DLC25_DLC25-2,B,"“blank”. The question is relevant to the domain in question, but the respondent chose not to answer the question.",
DLC25_DLC25-3-yes,DLC25_DLC25-3,Yes,,
DLC25_DLC25-3-no,DLC25_DLC25-3,No,,
DLC25_DLC25-3-B,DLC25_DLC25-3,B,"“blank”. The question is relevant to the domain in question, but the respondent chose not to answer the question.",
DLC25_DLC25-4-yes,DLC25_DLC25-4,Yes,,
DLC25_DLC25-4-no,DLC25_DLC25-4,No,,
DLC25_DLC25-4-B,DLC25_DLC25-4,B,"“blank”. The question is relevant to the domain in question, but the respondent chose not to answer the question.",
DLC25_DLC25-5-yes,DLC25_DLC25-5,Yes,,
DLC25_DLC25-5-no,DLC25_DLC25-5,No,,
DLC25_DLC25-5-B,DLC25_DLC25-5,B,"“blank”. The question is relevant to the domain in question, but the respondent chose not to answer the question.",
DLC25_DLC25-6-yes,DLC25_DLC25-6,Yes,,
DLC25_DLC25-6-no,DLC25_DLC25-6,No,,
DLC25_DLC25-6-B,DLC25_DLC25-6,B,"“blank”. The question is relevant to the domain in question, but the respondent chose not to answer the question.",
DLC25_DLC25-7-yes,DLC25_DLC25-7,Yes,,
DLC25_DLC25-7-no,DLC25_DLC25-7,No,,
DLC25_DLC25-7-B,DLC25_DLC25-7,B,"“blank”. The question is relevant to the domain in question, but the respondent chose not to answer the question.",
DLC25_DLC25-8-yes,DLC25_DLC25-8,Yes,,
DLC25_DLC25-8-no,DLC25_DLC25-8,No,,
DLC25_DLC25-8-B,DLC25_DLC25-8,B,"“blank”. The question is relevant to the domain in question, but the respondent chose not to answer the question.",
DLC25_DLC25-9-yes,DLC25_DLC25-9,Yes,,
DLC25_DLC25-9-no,DLC25_DLC25-9,No,,
DLC25_DLC25-9-B,DLC25_DLC25-9,B,"“blank”. The question is relevant to the domain in question, but the respondent chose not to answer the question.",
DLC27-1,DLC27,Influence is practically always exerted,,1
DLC27-2,DLC27,Influence is very much exerted,,2
DLC27-3,DLC27,Influence is somewhat exerted,,3
DLC27-4,DLC27,Influence is exerted very little,,4
DLC27-5,DLC27,Influence is practically never exerted,,5
DLC27-B,DLC27,B,"“blank”. The question is relevant to the domain in question, but the respondent chose not to answer the question.",
DLC28-1,DLC28,At places which belong to the Focus Group,,
DLC28-2,DLC28,At places which belong to the Neighbour Group,,
DLC28-3,DLC28,At places which belong to some other group,,
DLC28-4,DLC28,This is highly contextual,,
DLC28-B,DLC28,B,"“blank”. The question is relevant to the domain in question, but the respondent chose not to answer the question.",
DLC29-yes,DLC29,Yes,,
DLC29-no,DLC29,No,,
DLC29-B,DLC29,B,"“blank”. The question is relevant to the domain in question, but the respondent chose not to answer the question.",
DLC31-1,DLC31,They practically always participate,,1
DLC31-2,DLC31,They participate a lot,,2
DLC31-3,DLC31,They participate somewhat,,3
DLC31-4,DLC31,They participate a little,,4
DLC31-5,DLC31,They practically never participate,,5
DLC31-B,DLC31,B,"“blank”. The question is relevant to the domain in question, but the respondent chose not to answer the question.",
DLC32-1,DLC32,Almost everyone,,1
DLC32-2,DLC32,Many people,,2
DLC32-3,DLC32,Some people,,3
DLC32-4,DLC32,Few people,,4
DLC32-5,DLC32,Practically no one,,5
DLC32-B,DLC32,B,"“blank”. The question is relevant to the domain in question, but the respondent chose not to answer the question.",
DLC33-1,DLC33,Almost everyone,,1
DLC33-2,DLC33,Many people,,2
DLC33-3,DLC33,Some people,,3
DLC33-4,DLC33,Few people,,4
DLC33-5,DLC33,Practically no one,,5
DLC33-B,DLC33,B,"“blank”. The question is relevant to the domain in question, but the respondent chose not to answer the question.",
DLC97-1,DLC97,Impressions from my own fieldwork with the exact or related community,,
DLC97-2,DLC97,Reports from language consultants,,
DLC97-3,DLC97,Published or ongoing research project of my own on topics covered in this questionnaire,,
DLC97-4,DLC97,Published material by linguists,,
DLC97-5,DLC97,Published materials by other researchers in other fields,,
DLC97-6,DLC97,Other,,
DLC97-B,DLC97,B,"“blank”. The question is relevant to the domain in question, but the respondent chose not to answer the question.",
DLC98-1,DLC98,Very certain,,1
DLC98-2,DLC98,Certain,,2
DLC98-3,DLC98,Somewhat certain,,3
DLC98-4,DLC98,Uncertain,,4
DLC98-5,DLC98,Very uncertain,,5
DLC98-B,DLC98,B,"“blank”. The question is relevant to the domain in question, but the respondent chose not to answer the question.",
DTR00-yes,DTR00,Yes,,
DTR00-no,DTR00,No,,
DTR00-B,DTR00,B,"“blank”. The question is relevant to the domain in question, but the respondent chose not to answer the question.",
DTR02_DTR02-1-yes,DTR02_DTR02-1,Yes,,
DTR02_DTR02-1-no,DTR02_DTR02-1,No,,
DTR02_DTR02-1-B,DTR02_DTR02-1,B,"“blank”. The question is relevant to the domain in question, but the respondent chose not to answer the question.",
DTR02_DTR02-2-yes,DTR02_DTR02-2,Yes,,
DTR02_DTR02-2-no,DTR02_DTR02-2,No,,
DTR02_DTR02-2-B,DTR02_DTR02-2,B,"“blank”. The question is relevant to the domain in question, but the respondent chose not to answer the question.",
DTR02_DTR02-3-yes,DTR02_DTR02-3,Yes,,
DTR02_DTR02-3-no,DTR02_DTR02-3,No,,
DTR02_DTR02-3-B,DTR02_DTR02-3,B,"“blank”. The question is relevant to the domain in question, but the respondent chose not to answer the question.",
DTR02_DTR02-4-yes,DTR02_DTR02-4,Yes,,
DTR02_DTR02-4-no,DTR02_DTR02-4,No,,
DTR02_DTR02-4-B,DTR02_DTR02-4,B,"“blank”. The question is relevant to the domain in question, but the respondent chose not to answer the question.",
DTR02_DTR02-5-yes,DTR02_DTR02-5,Yes,,
DTR02_DTR02-5-no,DTR02_DTR02-5,No,,
DTR02_DTR02-5-B,DTR02_DTR02-5,B,"“blank”. The question is relevant to the domain in question, but the respondent chose not to answer the question.",
DTR02_DTR02-6-yes,DTR02_DTR02-6,Yes,,
DTR02_DTR02-6-no,DTR02_DTR02-6,No,,
DTR02_DTR02-6-B,DTR02_DTR02-6,B,"“blank”. The question is relevant to the domain in question, but the respondent chose not to answer the question.",
DTR03_DTR03-1-yes,DTR03_DTR03-1,Yes,,
DTR03_DTR03-1-no,DTR03_DTR03-1,No,,
DTR03_DTR03-1-B,DTR03_DTR03-1,B,"“blank”. The question is relevant to the domain in question, but the respondent chose not to answer the question.",
DTR03_DTR03-2-yes,DTR03_DTR03-2,Yes,,
DTR03_DTR03-2-no,DTR03_DTR03-2,No,,
DTR03_DTR03-2-B,DTR03_DTR03-2,B,"“blank”. The question is relevant to the domain in question, but the respondent chose not to answer the question.",
DTR03_DTR03-3-yes,DTR03_DTR03-3,Yes,,
DTR03_DTR03-3-no,DTR03_DTR03-3,No,,
DTR03_DTR03-3-B,DTR03_DTR03-3,B,"“blank”. The question is relevant to the domain in question, but the respondent chose not to answer the question.",
DTR03_DTR03-4-yes,DTR03_DTR03-4,Yes,,
DTR03_DTR03-4-no,DTR03_DTR03-4,No,,
DTR03_DTR03-4-B,DTR03_DTR03-4,B,"“blank”. The question is relevant to the domain in question, but the respondent chose not to answer the question.",
DTR03_DTR03-5-yes,DTR03_DTR03-5,Yes,,
DTR03_DTR03-5-no,DTR03_DTR03-5,No,,
DTR03_DTR03-5-B,DTR03_DTR03-5,B,"“blank”. The question is relevant to the domain in question, but the respondent chose not to answer the question.",
DTR03_DTR03-6-yes,DTR03_DTR03-6,Yes,,
DTR03_DTR03-6-no,DTR03_DTR03-6,No,,
DTR03_DTR03-6-B,DTR03_DTR03-6,B,"“blank”. The question is relevant to the domain in question, but the respondent chose not to answer the question.",
DTR03_DTR03-7-yes,DTR03_DTR03-7,Yes,,
DTR03_DTR03-7-no,DTR03_DTR03-7,No,,
DTR03_DTR03-7-B,DTR03_DTR03-7,B,"“blank”. The question is relevant to the domain in question, but the respondent chose not to answer the question.",
DTR03_DTR03-8-yes,DTR03_DTR03-8,Yes,,
DTR03_DTR03-8-no,DTR03_DTR03-8,No,,
DTR03_DTR03-8-B,DTR03_DTR03-8,B,"“blank”. The question is relevant to the domain in question, but the respondent chose not to answer the question.",
DTR03_DTR03-9-yes,DTR03_DTR03-9,Yes,,
DTR03_DTR03-9-no,DTR03_DTR03-9,No,,
DTR03_DTR03-9-B,DTR03_DTR03-9,B,"“blank”. The question is relevant to the domain in question, but the respondent chose not to answer the question.",
DTR06-1,DTR06,At places which belong to the Focus Group,,
DTR06-2,DTR06,At places which belong to the Neighbour Group,,
DTR06-3,DTR06,At places which belong to some other group,,
DTR06-4,DTR06,This is highly contextual,,
DTR06-B,DTR06,B,"“blank”. The question is relevant to the domain in question, but the respondent chose not to answer the question.",
DTR08-1,DTR08,The Focus Group language,,
DTR08-2,DTR08,The Neighbour Group language,,
DTR08-3,DTR08,Some other language,,
DTR08-4,DTR08,This is highly contextual,,
DTR08-B,DTR08,B,"“blank”. The question is relevant to the domain in question, but the respondent chose not to answer the question.",
DTR09-1,DTR09,The Focus Group language,,
DTR09-2,DTR09,The Neighbour Group language,,
DTR09-3,DTR09,Some other language,,
DTR09-4,DTR09,This is highly contextual,,
DTR09-B,DTR09,B,"“blank”. The question is relevant to the domain in question, but the respondent chose not to answer the question.",
DTR10-1,DTR10,Very well,,1
DTR10-2,DTR10,Well,,2
DTR10-3,DTR10,Somewhat,,3
DTR10-4,DTR10,Poorly,,4
DTR10-5,DTR10,Very poorly,,5
DTR10-B,DTR10,B,"“blank”. The question is relevant to the domain in question, but the respondent chose not to answer the question.",
DTR11-1,DTR11,The Focus Group language,,
DTR11-2,DTR11,The Neighbour Group language,,
DTR11-3,DTR11,Some other language,,
DTR11-4,DTR11,This is highly contextual,,
DTR11-B,DTR11,B,"“blank”. The question is relevant to the domain in question, but the respondent chose not to answer the question.",
DTR12-1,DTR12,Yes,,
DTR12-2,DTR12,No,,
DTR12-3,DTR12,This is highly contextual,,
DTR12-B,DTR12,B,"“blank”. The question is relevant to the domain in question, but the respondent chose not to answer the question.",
DTR13-1,DTR13,Very fluently,,1
DTR13-2,DTR13,Fluently,,2
DTR13-3,DTR13,Somewhat fluently,,3
DTR13-4,DTR13,A little fluently,,4
DTR13-5,DTR13,Not fluently at all,,5
DTR13-B,DTR13,B,"“blank”. The question is relevant to the domain in question, but the respondent chose not to answer the question.",
DTR14-1,DTR14,Very often,,1
DTR14-2,DTR14,Often,,2
DTR14-3,DTR14,Sometimes,,3
DTR14-4,DTR14,Rarely,,4
DTR14-5,DTR14,Very rarely,,5
DTR14-B,DTR14,B,"“blank”. The question is relevant to the domain in question, but the respondent chose not to answer the question.",
DTR16-1,DTR16,Very positive,,1
DTR16-2,DTR16,Positive,,2
DTR16-3,DTR16,Neutral,,3
DTR16-4,DTR16,Negative,,4
DTR16-5,DTR16,Very negative,,5
DTR16-B,DTR16,B,"“blank”. The question is relevant to the domain in question, but the respondent chose not to answer the question.",
DTR17-1,DTR17,Influence is practically always exerted,,1
DTR17-2,DTR17,Influence is very much exerted,,2
DTR17-3,DTR17,Influence is somewhat exerted,,3
DTR17-4,DTR17,Influence is exerted very little,,4
DTR17-5,DTR17,Influence is practically never exerted,,5
DTR17-B,DTR17,B,"“blank”. The question is relevant to the domain in question, but the respondent chose not to answer the question.",
DTR18-1,DTR18,They practically always participate,,1
DTR18-2,DTR18,They participate a lot,,2
DTR18-3,DTR18,They participate somewhat,,3
DTR18-4,DTR18,They participate a little,,4
DTR18-5,DTR18,They practically never participate,,5
DTR18-B,DTR18,B,"“blank”. The question is relevant to the domain in question, but the respondent chose not to answer the question.",
DTR19-1,DTR19,The Focus Group language,,
DTR19-2,DTR19,The Neighbour Group language,,
DTR19-3,DTR19,Some other language,,
DTR19-4,DTR19,This is highly contextual,,
DTR19-B,DTR19,B,"“blank”. The question is relevant to the domain in question, but the respondent chose not to answer the question.",
DTR20-1,DTR20,The Focus Group language,,
DTR20-2,DTR20,The Neighbour Group language,,
DTR20-3,DTR20,Some other language,,
DTR20-4,DTR20,This is highly contextual,,
DTR20-B,DTR20,B,"“blank”. The question is relevant to the domain in question, but the respondent chose not to answer the question.",
DTR22-1,DTR22,Interactions are practically always under 5 people,,1
DTR22-2,DTR22,Interactions are often under 5 people,,2
DTR22-3,DTR22,Interactions are sometimes under 5 people,,3
DTR22-4,DTR22,Interactions are rarely under 5 people,,4
DTR22-5,DTR22,Interactions are practically never under 5 people,,5
DTR22-B,DTR22,B,"“blank”. The question is relevant to the domain in question, but the respondent chose not to answer the question.",
DTR23-1,DTR23,Friendly,,1
DTR23-2,DTR23,Somewhat friendly,,2
DTR23-3,DTR23,Neutral,,3
DTR23-4,DTR23,Somewhat hostile,,4
DTR23-5,DTR23,Hostile,,5
DTR23-B,DTR23,B,"“blank”. The question is relevant to the domain in question, but the respondent chose not to answer the question.",
DTR24-1,DTR24,Use money,,
DTR24-2,DTR24,Exchange objects,,
DTR24-3,DTR24,This is contextual,,
DTR24-B,DTR24,B,"“blank”. The question is relevant to the domain in question, but the respondent chose not to answer the question.",
DTR27_DTR27-1-yes,DTR27_DTR27-1,Yes,,
DTR27_DTR27-1-no,DTR27_DTR27-1,No,,
DTR27_DTR27-1-B,DTR27_DTR27-1,B,"“blank”. The question is relevant to the domain in question, but the respondent chose not to answer the question.",
DTR27_DTR27-2-yes,DTR27_DTR27-2,Yes,,
DTR27_DTR27-2-no,DTR27_DTR27-2,No,,
DTR27_DTR27-2-B,DTR27_DTR27-2,B,"“blank”. The question is relevant to the domain in question, but the respondent chose not to answer the question.",
DTR27_DTR27-3-yes,DTR27_DTR27-3,Yes,,
DTR27_DTR27-3-no,DTR27_DTR27-3,No,,
DTR27_DTR27-3-B,DTR27_DTR27-3,B,"“blank”. The question is relevant to the domain in question, but the respondent chose not to answer the question.",
DTR27_DTR27-4-yes,DTR27_DTR27-4,Yes,,
DTR27_DTR27-4-no,DTR27_DTR27-4,No,,
DTR27_DTR27-4-B,DTR27_DTR27-4,B,"“blank”. The question is relevant to the domain in question, but the respondent chose not to answer the question.",
DTR28-yes,DTR28,Yes,,
DTR28-no,DTR28,No,,
DTR28-B,DTR28,B,"“blank”. The question is relevant to the domain in question, but the respondent chose not to answer the question.",
DTR29-1,DTR29,Focus Group see themselves as very superior to Neighbour Group,,1
DTR29-2,DTR29,Focus Group see themselves as superior to Neighbour Group,,2
DTR29-3,DTR29,Focus Group see themselves as neither superior nor inferior to Neighbour Group,,3
DTR29-4,DTR29,Focus Group see themselves as inferior to Neighbour Group,,4
DTR29-5,DTR29,Focus Group see themselves as very inferior to Neighbour Group,,5
DTR29-B,DTR29,B,"“blank”. The question is relevant to the domain in question, but the respondent chose not to answer the question.",
DTR31-1,DTR31,Constant supervision,,1
DTR31-2,DTR31,A lot of supervision,,2
DTR31-3,DTR31,Some supervision,,3
DTR31-4,DTR31,Little supervision,,4
DTR31-5,DTR31,Almost no structured supervision at all,,5
DTR31-B,DTR31,B,"“blank”. The question is relevant to the domain in question, but the respondent chose not to answer the question.",
DTR32-yes,DTR32,Yes,,
DTR32-no,DTR32,No,,
DTR32-B,DTR32,B,"“blank”. The question is relevant to the domain in question, but the respondent chose not to answer the question.",
DTR33-1,DTR33,Almost everyone,,1
DTR33-2,DTR33,Many people,,2
DTR33-3,DTR33,Some people,,3
DTR33-4,DTR33,Few people,,4
DTR33-5,DTR33,Practically no one,,5
DTR33-B,DTR33,B,"“blank”. The question is relevant to the domain in question, but the respondent chose not to answer the question.",
DTR34-1,DTR34,Almost everyone,,1
DTR34-2,DTR34,Many people,,2
DTR34-3,DTR34,Some people,,3
DTR34-4,DTR34,Few people,,4
DTR34-5,DTR34,Practically no one,,5
DTR34-B,DTR34,B,"“blank”. The question is relevant to the domain in question, but the respondent chose not to answer the question.",
DTR35-1,DTR35,Always,,1
DTR35-2,DTR35,Sometimes,,2
DTR35-3,DTR35,As much as monitored speech,,3
DTR35-4,DTR35,Rarely,,4
DTR35-5,DTR35,Never,,5
DTR35-B,DTR35,B,"“blank”. The question is relevant to the domain in question, but the respondent chose not to answer the question.",
DTR36-1,DTR36,Very proximate to each other,,1
DTR36-2,DTR36,Proximate to each other,,2
DTR36-3,DTR36,Somewhat proximate to each other,,3
DTR36-4,DTR36,Far from each other,,4
DTR36-5,DTR36,Very far from each other,,5
DTR36-B,DTR36,B,"“blank”. The question is relevant to the domain in question, but the respondent chose not to answer the question.",
DTR37-1,DTR37,Focus Group children do not interact with Neighbour Group children,,
DTR37-2,DTR37,The Focus Group language,,
DTR37-3,DTR37,The Neighbour Group language,,
DTR37-4,DTR37,Some other language,,
DTR37-5,DTR37,This is highly contextual,,
DTR37-B,DTR37,B,"“blank”. The question is relevant to the domain in question, but the respondent chose not to answer the question.",
DTR97-1,DTR97,Impressions from my own fieldwork with the exact or related community,,
DTR97-2,DTR97,Reports from language consultants,,
DTR97-3,DTR97,Published or ongoing research project of my own on topics covered in this questionnaire,,
DTR97-4,DTR97,Published material by linguists,,
DTR97-5,DTR97,Published materials by other researchers in other fields,,
DTR97-6,DTR97,Other,,
DTR97-B,DTR97,B,"“blank”. The question is relevant to the domain in question, but the respondent chose not to answer the question.",
DTR98-1,DTR98,Very certain,,1
DTR98-2,DTR98,Certain,,2
DTR98-3,DTR98,Somewhat certain,,3
DTR98-4,DTR98,Uncertain,,4
DTR98-5,DTR98,Very uncertain,,5
DTR98-B,DTR98,B,"“blank”. The question is relevant to the domain in question, but the respondent chose not to answer the question.",
O10-1,O10,Very high,,1
O10-2,O10,High,,2
O10-3,O10,Neither low nor high,,3
O10-4,O10,Low,,4
O10-5,O10,Very low,,5
O10-B,O10,B,"“blank”. The question is relevant to the domain in question, but the respondent chose not to answer the question.",
OB1-yes,OB1,Yes,,
OB1-no,OB1,No,,
OB1-B,OB1,B,"“blank”. The question is relevant to the domain in question, but the respondent chose not to answer the question.",
OC1-1,OC1,Very certain,,1
OC1-2,OC1,Certain,,2
OC1-3,OC1,Somewhat certain,,3
OC1-4,OC1,Uncertain,,4
OC1-5,OC1,Very uncertain,,5
OC1-B,OC1,B,"“blank”. The question is relevant to the domain in question, but the respondent chose not to answer the question.",
OC2-1,OC2,Very certain,,1
OC2-2,OC2,Certain,,2
OC2-3,OC2,Somewhat certain,,3
OC2-4,OC2,Uncertain,,4
OC2-5,OC2,Very uncertain,,5
OC2-B,OC2,B,"“blank”. The question is relevant to the domain in question, but the respondent chose not to answer the question.",
OC3-1,OC3,Very certain,,1
OC3-2,OC3,Certain,,2
OC3-3,OC3,Somewhat certain,,3
OC3-4,OC3,Uncertain,,4
OC3-5,OC3,Very uncertain,,5
OC3-B,OC3,B,"“blank”. The question is relevant to the domain in question, but the respondent chose not to answer the question.",
OC4-1,OC4,Very certain,,1
OC4-2,OC4,Certain,,2
OC4-3,OC4,Somewhat certain,,3
OC4-4,OC4,Uncertain,,4
OC4-5,OC4,Very uncertain,,5
OC4-B,OC4,B,"“blank”. The question is relevant to the domain in question, but the respondent chose not to answer the question.",
OC5-1,OC5,Very certain,,1
OC5-2,OC5,Certain,,2
OC5-3,OC5,Somewhat certain,,3
OC5-4,OC5,Uncertain,,4
OC5-5,OC5,Very uncertain,,5
OC5-B,OC5,B,"“blank”. The question is relevant to the domain in question, but the respondent chose not to answer the question.",
OC6-1,OC6,Very certain,,1
OC6-2,OC6,Certain,,2
OC6-3,OC6,Somewhat certain,,3
OC6-4,OC6,Uncertain,,4
OC6-5,OC6,Very uncertain,,5
OC6-B,OC6,B,"“blank”. The question is relevant to the domain in question, but the respondent chose not to answer the question.",
OD1-1,OD1,10-99 speakers,,
OD1-2,OD1,100-999 speakers,,
OD1-3,OD1,"1,000-9,999 speakers",,
OD1-4,OD1,"10,000-99,999 speakers",,
OD1-5,OD1,"100,000-999,999 speakers",,
OD1-6,OD1,"1,000,000-9,999,999 speakers",,
OD1-7,OD1,"10,000,000-99,999,999 speakers",,
OD1-8,OD1,"100,000,000-999,999,999 speakers",,
OD1-B,OD1,B,"“blank”. The question is relevant to the domain in question, but the respondent chose not to answer the question.",
OD3-1,OD3,10-99 speakers,,
OD3-2,OD3,100-999 speakers,,
OD3-3,OD3,"1,000-9,999 speakers",,
OD3-4,OD3,"10,000-99,999 speakers",,
OD3-5,OD3,"100,000-999,999 speakers",,
OD3-6,OD3,"1,000,000-9,999,999 speakers",,
OD3-7,OD3,"10,000,000-99,999,999 speakers",,
OD3-8,OD3,"100,000,000-999,999,999 speakers",,
OD3-B,OD3,B,"“blank”. The question is relevant to the domain in question, but the respondent chose not to answer the question.",
OD4-1,OD4,High proportion,,1
OD4-2,OD4,Fairly high proportion,,2
OD4-3,OD4,Intermediate proportion,,3
OD4-4,OD4,Fairly low proportion,,4
OD4-5,OD4,Low proportion,,5
OD4-B,OD4,B,"“blank”. The question is relevant to the domain in question, but the respondent chose not to answer the question.",
OD5-1,OD5,High proportion,,1
OD5-2,OD5,Fairly high proportion,,2
OD5-3,OD5,Intermediate proportion,,3
OD5-4,OD5,Fairly low proportion,,4
OD5-5,OD5,Low proportion,,5
OD5-B,OD5,B,"“blank”. The question is relevant to the domain in question, but the respondent chose not to answer the question.",
OG1-1,OG1,Less than 2 persons per 10 sq. km,,
OG1-2,OG1,2–4 persons per 10 sq. km,,
OG1-3,OG1,5–19 persons per 10 sq. km,,
OG1-4,OG1,20–99 persons per 10 sq. km,,
OG1-5,OG1,100–399 persons per 10 sq. km,,
OG1-B,OG1,B,"“blank”. The question is relevant to the domain in question, but the respondent chose not to answer the question.",
OH1-yes,OH1,Yes,,
OH1-no,OH1,No,,
OH1-B,OH1,B,"“blank”. The question is relevant to the domain in question, but the respondent chose not to answer the question.",
OI1_OI1-1-yes,OI1_OI1-1,Yes,,
OI1_OI1-1-no,OI1_OI1-1,No,,
OI1_OI1-1-B,OI1_OI1-1,B,"“blank”. The question is relevant to the domain in question, but the respondent chose not to answer the question.",
OI1_OI1-2-yes,OI1_OI1-2,Yes,,
OI1_OI1-2-no,OI1_OI1-2,No,,
OI1_OI1-2-B,OI1_OI1-2,B,"“blank”. The question is relevant to the domain in question, but the respondent chose not to answer the question.",
OI1_OI1-3-yes,OI1_OI1-3,Yes,,
OI1_OI1-3-no,OI1_OI1-3,No,,
OI1_OI1-3-B,OI1_OI1-3,B,"“blank”. The question is relevant to the domain in question, but the respondent chose not to answer the question.",
OI1_OI1-4-yes,OI1_OI1-4,Yes,,
OI1_OI1-4-no,OI1_OI1-4,No,,
OI1_OI1-4-B,OI1_OI1-4,B,"“blank”. The question is relevant to the domain in question, but the respondent chose not to answer the question.",
OI1_OI1-5-yes,OI1_OI1-5,Yes,,
OI1_OI1-5-no,OI1_OI1-5,No,,
OI1_OI1-5-B,OI1_OI1-5,B,"“blank”. The question is relevant to the domain in question, but the respondent chose not to answer the question.",
OI3-yes,OI3,Yes,,
OI3-no,OI3,No,,
OI3-B,OI3,B,"“blank”. The question is relevant to the domain in question, but the respondent chose not to answer the question.",
OI6-1,OI6,Very positive,,1
OI6-2,OI6,Positive,,2
OI6-3,OI6,Neither positive nor negative,,3
OI6-4,OI6,Negative,,4
OI6-5,OI6,Very negative,,5
OI6-B,OI6,B,"“blank”. The question is relevant to the domain in question, but the respondent chose not to answer the question.",
OI7-1,OI7,Very positive,,1
OI7-2,OI7,Positive,,2
OI7-3,OI7,Neither positive nor negative,,3
OI7-4,OI7,Negative,,4
OI7-5,OI7,Very negative,,5
OI7-B,OI7,B,"“blank”. The question is relevant to the domain in question, but the respondent chose not to answer the question.",
OI8-1,OI8,Very significant,,1
OI8-2,OI8,Significant,,2
OI8-3,OI8,Neither significant nor insignificant,,3
OI8-4,OI8,Insignificant,,4
OI8-5,OI8,Very insignificant,,5
OI8-B,OI8,B,"“blank”. The question is relevant to the domain in question, but the respondent chose not to answer the question.",
OI9-1,OI9,Very positive,,1
OI9-2,OI9,Positive,,2
OI9-3,OI9,Neither positive nor negative,,3
OI9-4,OI9,Negative,,4
OI9-5,OI9,Very negative,,5
OI9-B,OI9,B,"“blank”. The question is relevant to the domain in question, but the respondent chose not to answer the question.",
OL1-1,OL1,High,,1
OL1-2,OL1,Fairly high,,2
OL1-3,OL1,Intermediate,,3
OL1-4,OL1,Fairly low,,4
OL1-5,OL1,Low,,5
OL1-B,OL1,B,"“blank”. The question is relevant to the domain in question, but the respondent chose not to answer the question.",
OL2_OL2-1-yes,OL2_OL2-1,Yes,,
OL2_OL2-1-no,OL2_OL2-1,No,,
OL2_OL2-1-B,OL2_OL2-1,B,"“blank”. The question is relevant to the domain in question, but the respondent chose not to answer the question.",
OL2_OL2-2-yes,OL2_OL2-2,Yes,,
OL2_OL2-2-no,OL2_OL2-2,No,,
OL2_OL2-2-B,OL2_OL2-2,B,"“blank”. The question is relevant to the domain in question, but the respondent chose not to answer the question.",
OL2_OL2-3-yes,OL2_OL2-3,Yes,,
OL2_OL2-3-no,OL2_OL2-3,No,,
OL2_OL2-3-B,OL2_OL2-3,B,"“blank”. The question is relevant to the domain in question, but the respondent chose not to answer the question.",
OL2_OL2-4-yes,OL2_OL2-4,Yes,,
OL2_OL2-4-no,OL2_OL2-4,No,,
OL2_OL2-4-B,OL2_OL2-4,B,"“blank”. The question is relevant to the domain in question, but the respondent chose not to answer the question.",
OL2_OL2-5-yes,OL2_OL2-5,Yes,,
OL2_OL2-5-no,OL2_OL2-5,No,,
OL2_OL2-5-B,OL2_OL2-5,B,"“blank”. The question is relevant to the domain in question, but the respondent chose not to answer the question.",
OL2_OL2-6-yes,OL2_OL2-6,Yes,,
OL2_OL2-6-no,OL2_OL2-6,No,,
OL2_OL2-6-B,OL2_OL2-6,B,"“blank”. The question is relevant to the domain in question, but the respondent chose not to answer the question.",
OL2_OL2-7-yes,OL2_OL2-7,Yes,,
OL2_OL2-7-no,OL2_OL2-7,No,,
OL2_OL2-7-B,OL2_OL2-7,B,"“blank”. The question is relevant to the domain in question, but the respondent chose not to answer the question.",
OL3-1,OL3,"Yes, in a non-standardised way",,
OL3-2,OL3,"Yes, in a standardised way",,
OL3-3,OL3,"No, the Focus Group language is not written",,
OL3-B,OL3,B,"“blank”. The question is relevant to the domain in question, but the respondent chose not to answer the question.",
OS1-1,OS1,Four levels,,1
OS1-2,OS1,Three levels,,2
OS1-3,OS1,Two levels,,3
OS1-4,OS1,One level,,4
OS1-5,OS1,No levels,,5
OS1-B,OS1,B,"“blank”. The question is relevant to the domain in question, but the respondent chose not to answer the question.",
OS2-1,OS2,Four levels,,1
OS2-2,OS2,Three levels,,2
OS2-3,OS2,Two levels,,3
OS2-4,OS2,One level,,4
OS2-5,OS2,No levels,,5
OS2-B,OS2,B,"“blank”. The question is relevant to the domain in question, but the respondent chose not to answer the question.",
OS4-1,OS4,Sedentary,,
OS4-2,OS4,Mobile,,
OS4-3,OS4,Mixed,,
OS4-B,OS4,B,"“blank”. The question is relevant to the domain in question, but the respondent chose not to answer the question.",
OS5-1,OS5,Sedentary,,
OS5-2,OS5,Mobile,,
OS5-3,OS5,Mixed,,
OS5-B,OS5,B,"“blank”. The question is relevant to the domain in question, but the respondent chose not to answer the question.",
OS6-1,OS6,Hunter-gatherer,,
OS6-2,OS6,Fishing,,
OS6-3,OS6,Animal husbandry,,
OS6-4,OS6,"Agricultural, casual",,
OS6-5,OS6,"Agricultural, shifting",,
OS6-6,OS6,"Agricultural, permanent",,
OS6-7,OS6,Highly Mixed,,
OS6-B,OS6,B,"“blank”. The question is relevant to the domain in question, but the respondent chose not to answer the question.",
OS7-1,OS7,Fewer than 50 persons,,
OS7-2,OS7,From 50 to 99 persons,,
OS7-3,OS7,From 100 to 199 persons,,
OS7-4,OS7,From 200 to 399 persons,,
OS7-5,OS7,"From 400 to 1,000 persons",,
OS7-6,OS7,"More than 1,000 persons in the absence of indigenous urban aggregations",,
OS7-7,OS7,"One or more indigenous towns of more than 5,000 inhabitants but none of more than 50,000",,
OS7-B,OS7,B,"“blank”. The question is relevant to the domain in question, but the respondent chose not to answer the question.",
OS9-1,OS9,Very Frequently,,1
OS9-2,OS9,Frequently,,2
OS9-3,OS9,Neither frequently nor infrequently,,3
OS9-4,OS9,Infrequently,,4
OS9-5,OS9,Very infrequently,,5
OS9-B,OS9,B,"“blank”. The question is relevant to the domain in question, but the respondent chose not to answer the question.",
